participantN;age;gender;trialN;task;condition;FeatConj;setSize;proportion;timelimit;stType;imgName;timeTS;timeRel;runLength;runTest;touchTS;runN;runNH;stPosX;stPosY;col;row;touchX;touchY;touchDist;targDist;touchN;error;switches;changeScreen
18;26;f;0;0;b/y;0;40;50;0.0;target2;yellowDot100S;40335.8085833315;0.0;1;0;40300.96;1;0;912.823293904133;261.719278978806;9.0;2.0;919.0;255.5;0.0;0.0;1;0;2;0
18;26;f;0;0;b/y;0;40;50;0.0;target2;yellowDot100S;40685.5121666667;349.703583335213;2;2;40665.09;1;0;736.395667826412;254.95617370829;7.0;2.0;751.0;256.5;168.502967332923;176.557205563297;2;0;0;0
18;26;f;0;0;b/y;0;40;50;0.0;target1;blueDot100S;41002.1955833327;316.68341666591;1;0;40982.12;2;0;736.415419988805;332.58139473443;7.0;3.0;747.5;340.0;81.0015431951762;77.6252235391627;3;0;1;0
18;26;f;0;0;b/y;0;40;50;0.0;target1;blueDot100S;41318.7708333317;316.575249999005;2;0;41298.36;2;0;554.995774236574;207.874533550885;5.0;1.0;554.0;200.0;236.335566515072;220.14742581079;4;0;0;0
18;26;f;0;0;b/y;0;40;50;0.0;target1;blueDot100S;41635.4894166652;316.718583333568;3;3;41615.12;2;0;405.860758008854;197.470106186803;3.0;1.0;419.5;197.5;130.515324770695;149.497508922445;5;0;0;0
18;26;f;0;0;b/y;0;40;50;0.0;target2;yellowDot100S;41885.5392916666;250.049875001423;1;1;41865.13;3;0;395.746973438038;129.376497764501;3.0;0.0;387.0;115.5;87.1220408392733;68.8405995493548;6;0;1;0
18;26;f;0;0;b/y;0;40;50;0.0;target1;blueDot100S;42218.8994999997;333.360208333033;1;0;42198.44;4;0;552.485241464366;347.297807003742;5.0;3.0;571.5;343.5;292.435462965763;268.433570338059;7;0;1;0
18;26;f;0;0;b/y;0;40;50;0.0;target1;blueDot100S;42718.8207083309;499.921208331216;2;2;42698.50;4;0;208.183484555128;113.819409368715;1.0;0.0;212.5;101.5;432.287520060434;415.99983410214;8;0;0;0
18;26;f;0;0;b/y;0;40;50;0.0;target2;yellowDot100S;42902.1837916662;183.36308333528;1;0;42882.20;5;0;194.352188145797;171.797680354223;1.0;1.0;201.5;157.5;54.2332923581079;59.605240263183;9;0;1;0
18;26;f;0;0;b/y;0;40;50;0.0;target2;yellowDot100S;43135.6009999981;233.417208331957;2;0;43115.22;5;0;105.251900708001;134.9706013346;0.0;0.0;100.5;128.0;102.309579219152;96.4110728631072;10;0;0;0
18;26;f;0;0;b/y;0;40;50;0.0;target2;yellowDot100S;43618.9859166661;483.384916668001;3;0;43582.19;5;0;292.429546396566;333.51409000232;2.0;3.0;294.5;331.0;277.049183359201;272.864413102667;11;0;0;0
18;26;f;0;0;b/y;0;40;50;0.0;target2;yellowDot100S;43835.5785833337;216.592666667566;4;0;43815.27;5;0;301.168255728371;432.06939457952;2.0;4.0;299.0;428.0;93.108807317031;98.9419683505961;12;0;0;0
18;26;f;0;0;b/y;0;40;50;0.0;target2;yellowDot100S;44218.945749999;383.367166665266;5;5;44182.23;5;0;394.525128726315;415.258452971215;3.0;4.0;388.5;408.0;86.6097569561305;94.8583865228169;13;0;0;0
18;26;f;0;0;b/y;0;40;50;0.0;target1;blueDot100S;44419.4781666665;200.532416667556;1;0;44389.34;6;0;364.51781500163;346.408813302461;3.0;3.0;371.5;337.0;71.1688133946323;75.1046720217116;14;0;1;0
18;26;f;0;0;b/y;0;40;50;0.0;target1;blueDot100S;44735.6308749986;316.152708332083;2;0;44715.27;6;0;206.651639717643;270.185277788809;1.0;2.0;201.5;262.0;182.91664768413;175.304753686247;15;0;0;0
18;26;f;0;0;b/y;0;40;50;0.0;target1;blueDot100S;45169.0493749993;433.418500000698;3;0;45148.63;6;0;459.853460765458;432.906379990133;4.0;4.0;470.5;440.0;315.94342848048;300.980596191089;16;0;0;0
18;26;f;0;0;b/y;0;40;50;0.0;target1;blueDot100S;45669.1822499997;500.132875000418;4;4;45648.66;6;0;541.58617211642;598.326229535217;5.0;6.0;554.5;593.0;172.54926832647;184.510061319967;17;0;0;0
18;26;f;0;0;b/y;0;40;50;0.0;target2;yellowDot100S;45869.1187083314;199.936458331649;1;1;45848.68;7;0;538.244552532956;631.533492263286;5.0;7.0;553.0;632.0;36.0555127546399;33.374971450648;18;0;1;0
18;26;f;0;0;b/y;0;40;50;0.0;target1;blueDot100S;46202.4921249977;333.373416666291;1;1;46182.37;8;0;400.25707325179;652.369393151274;3.0;7.0;387.5;642.0;163.775761332378;139.551707994507;19;0;1;0
18;26;f;0;0;b/y;0;40;50;0.0;target2;yellowDot100S;46969.0584166674;766.566291669733;1;1;46948.90;9;9;833.783903981301;519.975651083432;8.0;5.0;825.5;504.5;456.540523940646;453.291976435829;20;0;1;0
18;26;f;1;0;b/y;0;40;50;0.0;target1;blueDot100S;918.994083331199;0.0;1;0;916.24;1;0;882.079570182575;110.046099015127;9.0;0.0;887.5;99.0;0.0;0.0;1;0;2;1
18;26;f;1;0;b/y;0;40;50;0.0;target1;blueDot100S;1488.28604166556;569.291958334361;2;2;1483.26;1;0;702.858690453534;123.303794776041;7.0;0.0;719.0;119.0;177.189869913604;179.710573500116;2;0;0;1
18;26;f;1;0;b/y;0;40;50;0.0;target2;yellowDot100S;1687.18208333303;198.896041667467;1;0;1683.26;2;0;663.661597951041;109.93840113429;6.0;0.0;655.5;102.0;63.7377439199098;41.4131115451126;3;0;1;1
18;26;f;1;0;b/y;0;40;50;0.0;target2;yellowDot100S;1968.73083333048;281.548749997455;2;2;1966.27;2;0;660.276576221701;254.257009536543;6.0;2.0;663.5;262.0;160.175684796413;144.358301123527;4;0;0;1
18;26;f;1;0;b/y;0;40;50;0.0;target1;blueDot100S;2487.78445833159;519.053625001106;1;1;2483.41;3;0;406.263634586154;94.4797031622943;3.0;0.0;406.0;83.5;310.511271937107;300.085591374451;5;0;1;1
18;26;f;1;0;b/y;0;40;50;0.0;target2;yellowDot100S;2669.08520833022;181.300749998627;1;0;2666.31;4;0;399.316814453258;171.596638521019;3.0;1.0;406.5;158.5;71.028163428319;77.4291936486527;6;0;1;1
18;26;f;1;0;b/y;0;40;50;0.0;target2;yellowDot100S;3001.58708333038;332.501875000162;2;2;2999.68;4;0;220.722822110769;208.992930917605;1.0;1.0;227.0;207.0;177.053664181231;182.467248529263;7;0;0;1
18;26;f;1;0;b/y;0;40;50;0.0;target1;blueDot100S;3186.99916666446;185.412083334086;1;1;3183.35;5;0;291.773355773261;276.723357352876;2.0;2.0;303.5;279.5;101.178060863015;98.1610360521346;8;0;1;1
18;26;f;1;0;b/y;0;40;50;0.0;target2;yellowDot100S;3537.31316666381;350.313999999344;1;1;3533.44;6;0;138.616756199573;486.953100137276;0.0;5.0;142.0;476.5;253.513313259876;260.10284262993;9;0;1;1
18;26;f;1;0;b/y;0;40;50;0.0;target1;blueDot100S;3838.01949999906;300.706333335256;1;1;3833.41;7;0;208.704428951681;648.87574459944;1.0;7.0;209.5;634.5;165.503021120462;176.440428081059;10;0;1;1
18;26;f;1;0;b/y;0;40;50;0.0;target2;yellowDot100S;4037.43216666408;199.412666665012;1;0;4033.44;8;0;274.424167970034;638.713862518098;2.0;7.0;290.0;639.0;75.6339870693063;66.5007364175433;11;0;1;1
18;26;f;1;0;b/y;0;40;50;0.0;target2;yellowDot100S;4419.02991666575;381.597750001674;2;2;4416.43;8;0;407.926309540964;491.796630050977;3.0;5.0;395.0;489.0;180.724237444788;198.513211146821;12;0;0;1
18;26;f;1;0;b/y;0;40;50;0.0;target1;blueDot100S;4852.36283333143;433.332916665677;1;0;4849.78;9;0;572.85864710532;481.649016998083;5.0;5.0;582.0;465.0;180.408564098271;165.24421328783;13;0;1;1
18;26;f;1;0;b/y;0;40;50;0.0;target1;blueDot100S;5087.75783333112;235.394999999698;2;2;5083.47;9;0;563.00006161882;566.022859740806;5.0;6.0;555.5;559.0;95.1222897117179;84.9478489837641;14;0;0;1
18;26;f;1;0;b/y;0;40;50;0.0;target2;yellowDot100S;5353.08533333227;265.327500001149;1;0;5349.80;10;0;623.262162272765;504.102970379683;6.0;5.0;618.5;496.0;86.6559288219796;86.4036658581102;15;0;1;1
18;26;f;1;0;b/y;0;40;50;0.0;target2;yellowDot100S;5620.94112499835;267.855791666079;2;2;5616.49;10;0;727.748182686714;513.236811954902;7.0;5.0;725.5;511.5;103.325940595767;104.884486573876;16;0;0;1
18;26;f;1;0;b/y;0;40;50;0.0;target1;blueDot100S;5937.55929166582;316.618166667467;1;0;5933.63;11;0;811.719246110143;481.366214292764;8.0;5.0;820.0;488.0;94.1488183675186;89.815780839468;17;0;1;1
18;26;f;1;0;b/y;0;40;50;0.0;target1;blueDot100S;6252.47508333268;314.915791666863;2;2;6249.88;11;0;735.293850135855;330.449608533308;7.0;3.0;740.0;331.5;165.970629931925;169.164603400895;18;0;0;1
18;26;f;1;0;b/y;0;40;50;0.0;target2;yellowDot100S;6721.05537499738;468.580291664694;1;1;6716.57;12;0;787.077957170309;289.864680844283;8.0;2.0;794.5;282.0;66.5620011718398;65.7930854792441;19;0;1;1
18;26;f;1;0;b/y;0;40;50;0.0;target1;blueDot100S;7969.67354166554;1248.61816666817;1;1;7966.64;13;13;908.452752449144;586.253698807241;9.0;6.0;918.5;574.0;318.116723860912;320.278458373375;20;0;1;1
18;26;f;2;0;b/y;0;40;50;0.0;target2;yellowDot100S;770.405958333868;0.0;1;1;749.95;1;0;898.256348660037;285.156233331823;9.0;2.0;914.0;274.5;0.0;0.0;1;0;2;0
18;26;f;2;0;b/y;0;40;50;0.0;target1;blueDot100S;1003.7206666675;233.314708333637;1;0;983.63;2;0;798.520749783874;272.884645367557;8.0;2.0;803.0;274.0;109.541088181559;100.487718425446;2;0;1;0
18;26;f;2;0;b/y;0;40;50;0.0;target1;blueDot100S;1353.78333333574;350.062666668236;2;0;1333.67;2;0;884.151447848662;97.5231633641608;9.0;0.0;893.5;81.0;211.246893468283;195.151904478256;3;0;0;0
18;26;f;2;0;b/y;0;40;50;0.0;target1;blueDot100S;1687.11320833245;333.329874996707;3;3;1666.68;2;0;746.815549960011;134.95821350214;7.0;0.0;757.5;127.5;142.776923905791;142.346520251515;4;0;0;0
18;26;f;2;0;b/y;0;40;50;0.0;target2;yellowDot100S;2437.5280000022;233.84791666831;1;1;2416.71;3;0;722.70087148989;364.05208421843;7.0;3.0;738.0;370.5;204.549505010401;230.359543578054;6;0;1;0
18;26;f;2;0;b/y;0;40;50;0.0;target1;blueDot100S;2920.5354166661;483.007416663895;1;0;2900.03;4;0;543.524266583924;262.353684809443;5.0;2.0;551.5;258.0;219.793653229569;206.026260918308;7;0;1;0
18;26;f;2;0;b/y;0;40;50;0.0;target1;blueDot100S;3337.34958333298;416.814166666882;2;2;3316.60;4;0;706.702532925082;507.469645637616;7.0;5.0;712.0;502.0;293.331297341419;294.463887189625;8;0;0;0
18;26;f;2;0;b/y;0;40;50;0.0;target2;yellowDot100S;3687.57533333337;350.225750000391;1;0;3666.81;5;0;917.799284749631;646.708155422403;9.0;7.0;922.5;638.0;249.481963275905;252.881793013976;9;0;1;0
18;26;f;2;0;b/y;0;40;50;0.0;target2;yellowDot100S;4004.18312500187;316.607791668503;2;0;3966.80;5;0;707.054022342855;665.556978827262;7.0;7.0;725.5;654.0;198.494332412792;211.586492410665;10;0;0;0
18;26;f;2;0;b/y;0;40;50;0.0;target2;yellowDot100S;4220.44262499912;216.25949999725;3;0;4183.81;5;0;650.267809246736;574.67950018223;6.0;6.0;651.5;584.0;97.8365984690801;107.160581011284;11;0;0;0
18;26;f;2;0;b/y;0;40;50;0.0;target2;yellowDot100S;4420.94808333422;200.505458335101;4;0;4383.78;5;0;623.346021997878;517.863686068596;6.0;5.0;630.0;515.5;64.9865370673034;62.8714510892489;12;0;0;0
18;26;f;2;0;b/y;0;40;50;0.0;target2;yellowDot100S;4703.95708333308;283.008999998856;5;0;4683.91;5;0;549.363918580147;413.682259208629;5.0;4.0;554.0;397.5;138.536998668226;127.777624522803;13;0;0;0
18;26;f;2;0;b/y;0;40;50;0.0;target2;yellowDot100S;5053.91570833308;349.958624999999;6;0;5033.85;5;0;493.800131931077;556.737697436145;4.0;6.0;497.0;559.0;169.379012867592;153.467236872402;14;0;0;0
18;26;f;2;0;b/y;0;40;50;0.0;target2;yellowDot100S;5221.12920833388;167.213500000798;7;0;5200.17;5;0;562.982803443374;653.989478602703;5.0;7.0;566.0;646.5;109.409780184406;119.348862489956;15;0;0;0
18;26;f;2;0;b/y;0;40;50;0.0;target2;yellowDot100S;5553.8236249995;332.694416665618;8;8;5533.93;5;0;365.842910717974;650.372631917089;3.0;7.0;377.5;641.5;182.0830854308;197.173068352982;16;0;0;0
18;26;f;2;0;b/y;0;40;50;0.0;target1;blueDot100S;5820.84570833467;267.022083335178;1;0;5800.23;6;0;218.544670646613;632.400770844651;1.0;7.0;208.0;617.5;168.860889491913;148.390563441639;17;0;1;0
18;26;f;2;0;b/y;0;40;50;0.0;target1;blueDot100S;6121.16249999963;300.316791664955;2;0;6100.22;6;0;204.60803648099;481.905190500755;1.0;5.0;196.0;477.0;136.825618946161;151.139503356709;18;0;0;0
18;26;f;2;0;b/y;0;40;50;0.0;target1;blueDot100S;6454.01883333398;332.856333334348;3;0;6434.00;6;0;283.143942367667;410.334169980375;2.0;4.0;286.0;408.0;103.711137299713;106.255820978287;19;0;0;0
18;26;f;2;0;b/y;0;40;50;0.0;target1;blueDot100S;6704.06400000138;250.045166667405;4;0;6667.06;6;0;320.5822312047;328.720880894752;2.0;3.0;317.5;327.0;79.8827265433523;89.7906143559479;20;0;0;0
18;26;f;2;0;b/y;0;40;50;0.0;target1;blueDot100S;6937.3677500007;233.303749999322;5;5;6916.93;6;6;321.417763226465;179.076408048124;2.0;1.0;336.0;186.0;136.221327258253;149.646805402937;21;0;0;0
18;26;f;3;0;b/y;0;40;50;0.0;target2;yellowDot100S;650.31104166701;0.0;1;0;648.22;1;0;900.517145874076;134.996374922264;9.0;0.0;903.0;121.5;0.0;0.0;1;0;2;0
18;26;f;3;0;b/y;0;40;50;0.0;target2;yellowDot100S;833.911458332295;183.600416665286;2;2;831.44;1;0;915.078604609845;195.327127059014;9.0;1.0;917.0;194.0;68.0624713039425;62.0631592323455;2;0;0;0
18;26;f;3;0;b/y;0;40;50;0.0;target1;blueDot100S;1084.37283333114;250.461374998849;1;0;1081.52;2;0;897.031786559146;367.026130794118;9.0;3.0;905.5;354.0;154.823286362227;172.644824785981;3;0;1;0
18;26;f;3;0;b/y;0;40;50;0.0;target1;blueDot100S;1319.28316666745;234.910333336302;2;0;1315.26;2;0;878.055958853745;486.990847616207;9.0;5.0;880.0;472.5;115.578977327194;121.456227997204;4;0;0;0
18;26;f;3;0;b/y;0;40;50;0.0;target1;blueDot100S;1500.15024999811;180.867083330668;3;3;1498.22;2;0;907.920830896832;552.882122268326;9.0;6.0;912.5;555.5;80.5248408877658;72.3434216596848;5;0;0;0
18;26;f;3;0;b/y;0;40;50;0.0;target2;yellowDot100S;1703.57841666555;203.428166667436;1;1;1700.52;3;0;912.754179354486;634.328232771701;9.0;7.0;925.0;634.5;76.2971165903404;81.5893998840601;6;0;1;0
18;26;f;3;0;b/y;0;40;50;0.0;target1;blueDot100S;2218.96524999829;515.386833332741;1;0;2215.26;4;0;712.706127469296;204.766812559886;7.0;1.0;725.5;187.0;491.453456595841;473.858878567713;7;0;1;0
18;26;f;3;0;b/y;0;40;50;0.0;target1;blueDot100S;2650.70774999913;166.099166664935;2;0;2648.24;4;0;624.2396805733;322.590107767696;6.0;3.0;638.5;319.0;60.7494855945299;147.338525579798;9;0;0;0
18;26;f;3;0;b/y;0;40;50;0.0;target1;blueDot100S;3234.45266666749;583.744916668365;3;3;3231.61;4;0;620.926722092042;283.798222945899;6.0;2.0;613.5;267.5;51.7034815075349;38.9330967420538;10;0;0;0
18;26;f;3;0;b/y;0;40;50;0.0;target2;yellowDot100S;3603.18379166711;368.731124999613;1;0;3598.31;5;0;398.885206465416;102.709151901221;3.0;0.0;398.5;92.5;281.660256337311;286.523448104328;11;0;1;0
18;26;f;3;0;b/y;0;40;50;0.0;target2;yellowDot100S;4019.43675000075;416.252958333644;2;2;4015.28;5;0;543.4633307949;421.973022703044;5.0;4.0;556.5;428.0;383.28090221142;350.474326069678;12;0;0;0
18;26;f;3;0;b/y;0;40;50;0.0;target1;blueDot100S;4434.45054166659;415.013791665842;1;1;4431.68;6;0;358.476150484148;259.59660171012;3.0;2.0;363.0;257.5;256.403003102538;246.142964501922;13;0;1;0
18;26;f;3;0;b/y;0;40;50;0.0;target2;yellowDot100S;4900.93237499968;466.481833333091;1;0;4898.41;7;0;232.709918485726;328.558136735163;1.0;3.0;242.0;328.0;141.338246769938;143.432347899946;14;0;1;0
18;26;f;3;0;b/y;0;40;50;0.0;target2;yellowDot100S;5051.62874999951;150.696374999825;2;0;5048.40;7;0;280.340897942522;363.259564804341;2.0;3.0;291.5;369.5;65.7514258400531;58.9313101335287;15;0;0;0
18;26;f;3;0;b/y;0;40;50;0.0;target2;yellowDot100S;5336.25845833376;284.629708334251;3;3;5331.91;7;0;129.652929319534;281.124026121576;0.0;2.0;119.5;266.0;192.769292160344;171.619085775536;16;0;0;0
18;26;f;3;0;b/y;0;40;50;0.0;target1;blueDot100S;5602.74220833162;266.48374999786;1;0;5598.56;8;0;218.460818446061;419.92990658611;1.0;4.0;239.5;413.5;187.486666192559;164.784445936636;17;0;1;0
18;26;f;3;0;b/y;0;40;50;0.0;target1;blueDot100S;5835.01824999985;232.276041668229;2;2;5831.83;8;0;135.61063852387;515.830355252443;0.0;5.0;140.0;497.5;125.873944881377;126.732191520321;18;0;0;0
18;26;f;3;0;b/y;0;40;50;0.0;target2;yellowDot100S;6168.15233333182;333.13408333197;1;0;6165.42;9;0;290.341456551569;501.888187669228;2.0;5.0;278.0;489.5;138.478337656111;155.357684343065;19;0;1;0
18;26;f;3;0;b/y;0;40;50;0.0;target2;yellowDot100S;6317.57016666597;149.417833334155;2;2;6315.50;9;0;323.777389599761;558.264248183297;2.0;6.0;331.0;546.0;70.0357051795725;65.5455705436236;20;0;0;0
18;26;f;3;0;b/y;0;40;50;0.0;target1;blueDot100S;6569.62595833102;252.055791665043;1;1;6565.53;10;10;361.859171179752;640.774611231741;3.0;7.0;356.0;632.5;86.2336941108289;90.8745404318068;21;0;1;0
18;26;f;4;0;b/y;0;40;50;0.0;target1;blueDot100S;869.576833330939;0.0;1;1;865.67;1;0;883.264585413794;252.217241548398;9.0;2.0;884.5;243.0;0.0;0.0;1;0;2;0
18;26;f;4;0;b/y;0;40;50;0.0;target2;yellowDot100S;1334.65579166659;283.054791667382;1;0;1332.06;2;0;746.282360831145;206.385087634268;7.0;1.0;735.0;202.0;256.215241545073;144.446239771133;3;0;1;0
18;26;f;4;0;b/y;0;40;50;0.0;target2;yellowDot100S;1519.83345833287;185.177666666277;2;2;1515.78;2;0;705.381492957936;121.567528220549;7.0;0.0;708.5;103.0;95.1866587290467;94.1642149528223;4;0;0;0
18;26;f;4;0;b/y;0;40;50;0.0;target1;blueDot100S;1819.779583333;299.946125000133;1;1;1815.83;3;0;908.568715419255;353.397704265053;9.0;3.0;923.5;362.0;335.721983194428;308.269813469258;5;0;1;0
18;26;f;4;0;b/y;0;40;50;0.0;target2;yellowDot100S;2198.93520833284;379.155624999839;1;1;2196.43;4;0;650.900807054585;267.991172849342;6.0;2.0;648.5;279.0;283.662211089176;271.453544109277;6;0;1;0
18;26;f;4;0;b/y;0;40;50;0.0;target1;blueDot100S;3085.02808333287;886.092875000031;1;1;3082.18;5;0;394.069697740855;108.774492784183;3.0;0.0;392.5;107.5;308.555100427784;302.179036205843;7;0;1;0
18;26;f;4;0;b/y;0;40;50;0.0;target2;yellowDot100S;3901.55395833062;399.805041666696;1;1;3898.94;6;0;202.807532525254;362.602300330438;1.0;3.0;199.5;349.5;127.50882322412;317.820345048422;10;0;1;0
18;26;f;4;0;b/y;0;40;50;0.0;target1;blueDot100S;4420.0254583302;518.471499999578;1;1;4416.04;7;0;379.018312738828;251.626088985264;3.0;2.0;386.0;247.0;206.021843502091;208.244948433341;11;0;1;0
18;26;f;4;0;b/y;0;40;50;0.0;target2;yellowDot100S;4801.45204166547;381.426583335269;1;0;4798.97;8;0;144.676461039841;169.568572223675;0.0;1.0;152.0;170.5;245.55701985486;248.293253059338;12;0;1;0
18;26;f;4;0;b/y;0;40;50;0.0;target2;yellowDot100S;4953.13287499812;151.680833332648;2;0;4949.08;8;0;151.238169787806;131.882296637875;0.0;0.0;157.0;125.5;42.573465914816;38.2532533155287;13;0;0;0
18;26;f;4;0;b/y;0;40;50;0.0;target2;yellowDot100S;5453.89304166383;500.760166665714;3;3;5449.05;8;0;139.815787489211;586.981166172048;0.0;6.0;146.0;593.5;479.066801187475;455.242190343401;14;0;0;0
18;26;f;4;0;b/y;0;40;50;0.0;target1;blueDot100S;6224.33929166436;770.446250000532;1;1;6221.98;9;0;470.500201056527;568.924749480079;4.0;6.0;474.0;566.5;332.810005859199;331.177015446594;15;0;1;0
18;26;f;4;0;b/y;0;40;50;0.0;target2;yellowDot100S;6435.33987499904;211.00058333468;1;1;6432.38;10;0;471.453509871163;660.450302877492;4.0;7.0;480.0;655.0;88.9564500190964;91.5305179838877;16;0;1;0
18;26;f;4;0;b/y;0;40;50;0.0;target1;blueDot100S;7334.86258333141;532.757416665845;1;0;7332.47;11;0;723.333256474243;655.901597538483;7.0;7.0;719.0;652.0;271.699282295703;251.920815870966;18;0;1;0
18;26;f;4;0;b/y;0;40;50;0.0;target1;blueDot100S;7601.79333333144;266.930750000029;2;0;7599.07;11;0;580.155635013163;444.40781422364;5.0;4.0;572.5;428.0;267.226963459902;255.400571001864;19;0;0;0
18;26;f;4;0;b/y;0;40;50;0.0;target1;blueDot100S;7935.43458333079;333.641249999346;3;0;7932.48;11;0;741.133208320476;566.436506137016;7.0;6.0;742.5;573.5;216.334232150162;202.001932560065;20;0;0;0
18;26;f;4;0;b/y;0;40;50;0.0;target1;blueDot100S;8153.25412499806;217.819541667268;4;4;8149.30;11;0;791.899726742761;497.952231033114;8.0;5.0;801.5;495.0;94.9973683846032;85.2486676096883;21;0;0;0
18;26;f;4;0;b/y;0;40;50;0.0;target2;yellowDot100S;8836.65004166687;434.983583334542;1;0;8832.74;12;0;881.281987500059;510.745259043609;9.0;5.0;898.5;503.5;260.588276789268;90.293134311324;23;0;1;0
18;26;f;4;0;b/y;0;40;50;0.0;target2;yellowDot100S;9020.83837499958;184.188333332713;2;2;9016.16;12;0;891.483817782541;557.111919306667;9.0;6.0;903.0;567.5;63.5177140646607;47.4757256401879;24;0;0;0
18;26;f;4;0;b/y;0;40;50;0.0;target1;blueDot100S;9451.62979166344;430.791416663851;1;1;9449.18;13;13;711.310784669198;347.748189802638;7.0;3.0;708.5;333.0;301.788005063157;276.216388168946;25;0;1;0
18;26;f;5;0;b/y;0;40;50;0.0;target1;blueDot100S;1003.96483333316;0.0;1;1;983.02;1;0;735.409284482563;195.809063779753;7.0;1.0;736.0;174.0;0.0;0.0;2;0;2;0
18;26;f;5;0;b/y;0;40;50;0.0;target2;yellowDot100S;1320.09912500143;316.134291668277;1;1;1299.80;2;0;915.057060240557;131.580056265776;9.0;0.0;927.5;131.0;197.517087868366;190.784403820189;3;0;1;0
18;26;f;5;0;b/y;0;40;50;0.0;target1;blueDot100S;2253.42275000003;416.697874999954;1;1;2233.13;3;0;750.578184544253;249.190136999112;7.0;2.0;735.0;236.0;51.1712810080029;202.201463002674;5;0;1;0
18;26;f;5;0;b/y;0;40;50;0.0;target2;yellowDot100S;2853.48579166748;183.290708333516;1;0;2833.19;4;0;619.633535510352;170.780366073086;6.0;1.0;633.0;186.5;89.2692556258872;152.625663920861;7;0;1;0
18;26;f;5;0;b/y;0;40;50;0.0;target2;yellowDot100S;4003.56295833626;299.949000000197;2;2;3983.17;4;0;909.842840147835;511.894589776579;9.0;5.0;913.0;500.0;82.1416459538035;447.861981095749;10;0;0;0
18;26;f;5;0;b/y;0;40;50;0.0;target1;blueDot100S;4253.54645833431;249.983499998052;1;1;4233.26;5;0;919.979483762239;576.103123758747;9.0;6.0;941.5;578.0;81.1680355805165;65.0037489680755;11;0;1;0
18;26;f;5;0;b/y;0;40;50;0.0;target2;yellowDot100S;4804.05166666969;550.50520833538;1;1;4783.22;6;0;650.314462226502;119.51192686092;6.0;0.0;656.5;120.0;539.698295346576;530.277988346169;12;0;1;0
18;26;f;5;0;b/y;0;40;50;0.0;target1;blueDot100S;5237.4268333333;433.375166663609;1;1;5216.94;7;0;555.531834056143;274.02245460364;5.0;2.0;568.0;279.5;180.853531898053;181.265688386452;13;0;1;0
18;26;f;5;0;b/y;0;40;50;0.0;target2;yellowDot100S;6303.94887500006;383.608874999481;1;0;6283.35;8;0;614.931474658243;410.391673413687;6.0;4.0;622.0;403.0;134.768319719436;148.744348270854;16;0;1;0
18;26;f;5;0;b/y;0;40;50;0.0;target2;yellowDot100S;6570.97525000063;267.026375000569;2;0;6550.04;8;0;699.465434360766;484.779692593256;7.0;5.0;711.0;474.0;106.678254578897;112.603586712181;17;0;0;0
18;26;f;5;0;b/y;0;40;50;0.0;target2;yellowDot100S;7303.74770833441;316.640416665905;3;3;7283.41;8;0;794.466463483984;660.726313656415;8.0;7.0;794.0;657.0;22.561028345357;199.956017658918;19;0;0;0
18;26;f;5;0;b/y;0;40;50;0.0;target1;blueDot100S;7703.74400000219;399.996291667776;1;1;7683.40;9;0;490.427027999691;442.95921378127;4.0;4.0;499.5;438.5;366.005464440082;373.981935549886;20;0;1;0
18;26;f;5;0;b/y;0;40;50;0.0;target2;yellowDot100S;7970.53358333505;266.789583332866;1;1;7950.09;10;0;407.404442782463;410.402674424441;3.0;4.0;406.5;411.0;97.1236325515062;89.1777882157023;21;0;1;0
18;26;f;5;0;b/y;0;40;50;0.0;target1;blueDot100S;8620.42783333527;316.639125001529;1;0;8600.12;11;0;237.462720642256;285.590059380702;1.0;2.0;257.0;290.5;133.877742735677;210.851553937921;23;0;1;0
18;26;f;5;0;b/y;0;40;50;0.0;target1;blueDot100S;8920.5023333343;300.074499999027;2;0;8900.17;11;0;376.382151406604;246.453464146576;3.0;2.0;380.5;235.0;138.003623140844;144.326994461917;24;0;0;0
18;26;f;5;0;b/y;0;40;50;0.0;target1;blueDot100S;9320.66370833491;400.161375000607;3;3;9300.23;11;0;119.210895299188;133.795154059052;0.0;0.0;113.0;132.0;290.097397437481;280.76493691279;25;0;0;0
18;26;f;5;0;b/y;0;40;50;0.0;target2;yellowDot100S;9603.96374999982;283.300041664916;1;0;9567.25;12;0;124.210841906033;267.252975718893;0.0;2.0;142.0;266.0;131.050562761096;133.551449367879;26;0;1;0
18;26;f;5;0;b/y;0;40;50;0.0;target2;yellowDot100S;9787.12479166643;183.161041666608;2;2;9767.28;12;0;102.751189629916;356.24159215315;0.0;3.0;101.0;353.5;90.3507055866195;91.5395571908404;27;0;0;0
18;26;f;5;0;b/y;0;40;50;0.0;target1;blueDot100S;10003.994833336;216.870041669608;1;0;9983.51;13;0;124.909925122195;400.548049237526;0.0;4.0;135.0;407.0;60.0333240792145;49.5385879692438;28;0;1;0
18;26;f;5;0;b/y;0;40;50;0.0;target1;blueDot100S;10420.5490000022;416.554166666174;2;2;10400.30;13;13;291.155800206132;554.492042610063;2.0;6.0;302.5;550.0;216.178167260249;226.575471042007;29;0;0;0
18;26;f;6;0;b/y;0;40;50;0.0;target2;yellowDot100S;951.240166668867;0.0;1;1;948.68;1;0;877.827408858091;274.065584542707;9.0;2.0;891.0;266.0;0.0;0.0;1;0;2;0
18;26;f;6;0;b/y;0;40;50;0.0;target1;blueDot100S;1336.58041666786;385.34024999899;1;1;1332.37;2;0;819.691651299728;121.560376159928;8.0;0.0;825.0;116.0;163.808577309004;163.210308776007;2;0;1;0
18;26;f;6;0;b/y;0;40;50;0.0;target2;yellowDot100S;1801.70762500347;465.127208335616;1;0;1798.75;3;0;624.200419511326;273.468130241632;6.0;2.0;635.0;272.5;250.976592534045;247.573802039502;3;0;1;0
18;26;f;6;0;b/y;0;40;50;0.0;target2;yellowDot100S;2036.6795000009;234.971874997427;2;2;2032.42;3;0;542.430811727847;268.18827559797;5.0;2.0;546.0;274.0;89.0126395519198;81.9398902984502;4;0;0;0
18;26;f;6;0;b/y;0;40;50;0.0;target1;blueDot100S;2386.67858333429;349.999083333387;1;1;2382.56;4;0;874.496501485011;441.553172304216;9.0;4.0;872.0;436.0;357.584255805537;374.597129892726;5;0;1;0
18;26;f;6;0;b/y;0;40;50;0.0;target2;yellowDot100S;2786.61716666829;399.938583334006;1;1;2782.55;5;0;786.109154787621;653.952060718628;8.0;7.0;801.0;640.0;217.408026530761;230.05566903661;6;0;1;0
18;26;f;6;0;b/y;0;40;50;0.0;target1;blueDot100S;2986.98941666953;200.372250001237;1;0;2982.55;6;0;704.440274508199;649.20238102507;7.0;7.0;706.0;650.5;92.8897195603475;81.8068790706861;7;0;1;0
18;26;f;6;0;b/y;0;40;50;0.0;target1;blueDot100S;3236.83162500311;249.842208333575;2;2;3232.69;6;0;562.99909939496;553.204904942025;5.0;6.0;572.0;554.5;164.258941917936;170.941865649492;8;0;0;0
18;26;f;6;0;b/y;0;40;50;0.0;target2;yellowDot100S;3624.47500000053;387.643374997424;1;0;3621.75;7;0;391.257236170014;640.038337523613;3.0;7.0;401.5;639.5;186.496648763456;192.445609453365;9;0;1;0
18;26;f;6;0;b/y;0;40;50;0.0;target2;yellowDot100S;3818.03275000129;193.557750000764;2;0;3815.49;7;0;404.73693150442;511.271018126495;3.0;5.0;383.0;514.0;124.042331484054;129.470941647258;10;0;0;0
18;26;f;6;0;b/y;0;40;50;0.0;target2;yellowDot100S;4086.58429166826;268.551541666966;3;3;4082.65;7;0;447.361602224887;428.150755881904;4.0;4.0;443.0;422.0;104.271280801571;93.4122077120426;11;0;0;0
18;26;f;6;0;b/y;0;40;50;0.0;target1;blueDot100S;4401.57779166839;314.993500000128;1;0;4398.76;8;0;291.52311005174;408.816201957141;2.0;4.0;298.0;402.5;148.09794056637;157.03331053719;12;0;1;0
18;26;f;6;0;b/y;0;40;50;0.0;target1;blueDot100S;4651.73354166836;250.155749999976;2;2;4648.89;8;0;217.067539706327;562.706819693988;1.0;6.0;225.0;544.5;156.083311087381;170.956000722084;13;0;0;0
18;26;f;6;0;b/y;0;40;50;0.0;target2;yellowDot100S;4851.50750000321;199.773958334845;1;0;4848.91;9;0;209.573035446908;665.895326274968;1.0;7.0;208.5;668.5;119.820699380366;103.460308739668;14;0;1;0
18;26;f;6;0;b/y;0;40;50;0.0;target2;yellowDot100S;5201.76325000284;350.255749999633;2;2;5198.92;9;0;187.9900278777;364.612915301349;1.0;3.0;206.0;360.0;307.54064771994;302.054494053324;15;0;0;0
18;26;f;6;0;b/y;0;40;50;0.0;target1;blueDot100S;5536.70700000293;334.943750000093;1;0;5532.65;10;0;219.281266795953;133.874639252924;1.0;0.0;223.5;128.5;220.274828339509;232.85036754714;16;0;1;0
18;26;f;6;0;b/y;0;40;50;0.0;target1;blueDot100S;5704.58429166683;167.877291663899;2;2;5701.77;10;0;291.22699102654;97.6333847892241;2.0;0.0;288.0;84.0;62.0100798257832;80.5581514197439;17;0;0;0
18;26;f;6;0;b/y;0;40;50;0.0;target2;yellowDot100S;5901.60354166801;197.019250001176;1;1;5898.83;11;0;384.380118000998;129.931570528975;3.0;0.0;378.0;126.5;84.8719623904149;98.5934980979931;18;0;1;0
18;26;f;6;0;b/y;0;40;50;0.0;target1;blueDot100S;6301.50600000343;399.902458335418;1;0;6298.98;12;0;103.030344317476;119.350138769396;0.0;0.0;88.0;110.0;292.99360061271;281.548684688549;19;0;1;0
18;26;f;6;0;b/y;0;40;50;0.0;target1;blueDot100S;6701.57395833667;400.067958333238;2;2;6699.03;12;12;463.937208160145;109.724928559712;4.0;0.0;448.5;100.5;340.147027033899;361.035190861405;20;0;0;0
18;26;f;7;0;b/y;0;40;50;0.0;target2;yellowDot100S;770.292124998377;0.0;1;0;733.74;1;0;882.469398412612;99.6488222192049;9.0;0.0;893.5;84.0;0.0;0.0;1;0;2;0
18;26;f;7;0;b/y;0;40;50;0.0;target2;yellowDot100S;970.53225000127;200.240125002892;2;0;950.04;1;0;787.537163293488;127.296793406767;8.0;0.0;785.5;114.0;105.561593394568;98.8763853278463;2;0;0;0
18;26;f;7;0;b/y;0;40;50;0.0;target2;yellowDot100S;1170.45762500129;199.925375000021;3;0;1150.07;1;0;708.02933650359;186.531856120806;7.0;1.0;715.0;177.5;83.0331259197195;99.1478046937429;3;0;0;0
18;26;f;7;0;b/y;0;40;50;0.0;target2;yellowDot100S;1387.16149999891;216.70387499762;4;4;1366.65;1;0;654.299273260109;170.816868397036;6.0;1.0;645.5;168.0;66.8767523134908;55.9810730096053;4;0;0;0
18;26;f;7;0;b/y;0;40;50;0.0;target1;blueDot100S;2120.44925000009;299.941083332669;1;0;2086.06;2;0;459.81686216407;127.964187032069;4.0;0.0;468.5;131.0;99.6242942258564;199.147584785495;7;0;1;0
18;26;f;7;0;b/y;0;40;50;0.0;target1;blueDot100S;2620.55483333461;249.958166667057;2;2;2600.16;2;0;643.526873086904;113.154216910422;6.0;0.0;649.0;101.5;25.0;184.30600459093;9;0;0;0
18;26;f;7;0;b/y;0;40;50;0.0;target2;yellowDot100S;2904.45895833182;283.904124997207;1;1;2883.84;3;0;536.922238613786;174.364013181924;5.0;1.0;548.5;172.5;130.172961862285;122.927569124041;10;0;1;0
18;26;f;7;0;b/y;0;40;50;0.0;target1;blueDot100S;3238.04966666648;333.590708334668;1;1;3216.80;4;0;573.016634587416;365.246728533223;5.0;3.0;578.5;363.5;190.568229251363;194.265324853887;11;0;1;0
18;26;f;7;0;b/y;0;40;50;0.0;target2;yellowDot100S;3737.29512499995;499.245458333462;1;1;3716.85;5;0;617.589996071344;564.557382285795;6.0;6.0;630.5;559.0;200.823927857215;204.233986528331;12;0;1;0
18;26;f;7;0;b/y;0;40;50;0.0;target1;blueDot100S;4037.37641666521;300.081291665265;1;1;4016.94;6;0;661.295728908201;655.30950031744;6.0;7.0;665.0;661.0;105.311442873033;100.728039840138;13;0;1;0
18;26;f;7;0;b/y;0;40;50;0.0;target2;yellowDot100S;4504.00616666593;233.392041667685;1;0;4483.93;7;0;750.955516101959;574.827105754653;7.0;6.0;739.5;562.5;76.7756471806002;120.483580931968;15;0;1;0
18;26;f;7;0;b/y;0;40;50;0.0;target2;yellowDot100S;4720.71774999858;216.711583332653;2;2;4683.98;7;0;796.747984102055;588.744235388472;8.0;6.0;798.0;572.5;56.5795899596312;47.8605957211607;16;0;0;0
18;26;f;7;0;b/y;0;40;50;0.0;target1;blueDot100S;5020.80808333267;300.090333334083;1;1;5000.29;8;0;749.115078406838;637.439492303152;7.0;7.0;761.0;629.5;70.8695985596081;68.1184391406327;17;0;1;0
18;26;f;7;0;b/y;0;40;50;0.0;target2;yellowDot100S;5520.80383333305;499.99575000038;1;1;5500.46;9;0;479.046502064869;487.699908939576;4.0;5.0;492.5;485.5;305.118009956803;308.802491494605;18;0;1;0
18;26;f;7;0;b/y;0;40;50;0.0;target1;blueDot100S;5787.42762500042;266.623791667371;1;0;5766.97;10;0;385.026102517926;552.95187899455;3.0;6.0;396.5;540.5;113.740933704625;114.444987338992;19;0;1;0
18;26;f;7;0;b/y;0;40;50;0.0;target1;blueDot100S;6021.10120833458;233.673583334166;2;0;6000.36;10;0;302.681680574563;632.035483193668;2.0;7.0;307.5;618.5;113.781589020368;114.170137419158;20;0;0;0
18;26;f;7;0;b/y;0;40;50;0.0;target1;blueDot100S;6237.45291666637;216.351708331786;3;0;6216.92;10;0;219.782211363261;584.203897441272;1.0;6.0;222.5;569.0;99.7459272351508;95.7088428051684;21;0;0;0
18;26;f;7;0;b/y;0;40;50;0.0;target1;blueDot100S;6437.39733333132;199.944416664948;4;0;6417.10;10;0;144.892245674278;498.558080723034;0.0;5.0;146.0;498.0;105.883190356166;113.770439404227;22;0;0;0
18;26;f;7;0;b/y;0;40;50;0.0;target1;blueDot100S;6820.86124999842;383.463916667097;5;5;6800.54;10;0;305.968652336692;332.051012635302;2.0;3.0;308.5;325.5;231.379558301938;231.668324348513;23;0;0;0
18;26;f;7;0;b/y;0;40;50;0.0;target2;yellowDot100S;7070.66412499989;249.802875001478;1;1;7034.08;11;11;230.645866624496;283.74482579123;1.0;2.0;239.5;274.5;88.752464754507;89.4818961291046;24;0;1;0
18;26;f;8;0;b/y;0;40;50;0.0;target1;blueDot100S;869.252833334031;0.0;1;1;865.35;1;0;888.553900037228;179.641900999815;9.0;1.0;895.5;181.5;0.0;0.0;1;0;2;0
18;26;f;8;0;b/y;0;40;50;0.0;target2;yellowDot100S;1019.42104166665;150.168208332616;1;1;1015.37;2;0;911.09676913343;126.56839204104;9.0;0.0;921.0;112.5;62.0322496770833;57.6626248126611;2;0;1;0
18;26;f;8;0;b/y;0;40;50;0.0;target1;blueDot100S;1400.51408333602;381.093041669374;1;1;1398.38;3;0;894.243184828208;439.875963275429;9.0;4.0;898.0;430.5;314.576302349684;313.760541650356;3;0;1;0
18;26;f;8;0;b/y;0;40;50;0.0;target2;yellowDot100S;1634.68104166896;234.166958332935;1;1;1631.70;4;0;907.04405345238;554.282707736282;9.0;6.0;915.0;555.5;121.836981249537;115.120655903553;4;0;1;0
18;26;f;8;0;b/y;0;40;50;0.0;target1;blueDot100S;2501.38266666909;481.915416668926;1;0;2498.42;5;0;580.451237382429;578.746482245473;5.0;6.0;584.0;569.5;277.463961623848;327.507776658414;6;0;1;0
18;26;f;8;0;b/y;0;40;50;0.0;target1;blueDot100S;2869.52895833383;368.146291664743;2;2;2865.44;5;0;746.108851692909;366.008541897505;7.0;3.0;755.0;347.5;277.418456487668;269.629146129523;7;0;0;0
18;26;f;8;0;b/y;0;40;50;0.0;target2;yellowDot100S;3350.99508333587;481.466125002044;1;0;3348.44;6;0;542.84839389593;258.832182516504;5.0;2.0;548.5;254.0;225.672882730735;229.785956302824;8;0;1;0
18;26;f;8;0;b/y;0;40;50;0.0;target2;yellowDot100S;3634.31204166773;283.316958331852;2;2;3631.76;6;0;406.13568496626;277.142019679023;3.0;2.0;404.0;272.5;143.948775611326;137.933371305883;9;0;0;0
18;26;f;8;0;b/y;0;40;50;0.0;target1;blueDot100S;4069.63133333556;249.932166669169;1;1;4065.53;7;0;470.795025909971;367.38884251628;4.0;3.0;487.0;366.5;219.160329439431;111.019455067544;11;0;1;0
18;26;f;8;0;b/y;0;40;50;0.0;target2;yellowDot100S;4451.18345833544;381.552124999871;1;1;4448.51;8;0;392.059001342056;187.404762760743;3.0;1.0;395.0;184.5;203.531324370476;196.4526165013;12;0;1;0
18;26;f;8;0;b/y;0;40;50;0.0;target1;blueDot100S;4901.73858333583;450.555125000392;1;1;4898.58;9;0;315.213042154188;433.660745397163;2.0;4.0;320.0;434.5;257.421832795899;257.967653840035;13;0;1;0
18;26;f;8;0;b/y;0;40;50;0.0;target2;yellowDot100S;5152.96479166864;251.22620833281;1;0;5148.71;10;0;283.704154645933;499.412849375716;2.0;5.0;280.0;505.5;83.7869321553188;72.9119274852496;14;0;1;0
18;26;f;8;0;b/y;0;40;50;0.0;target2;yellowDot100S;5401.00300000267;248.038208334037;2;0;5398.59;10;0;386.887211756145;439.781840500351;3.0;4.0;383.0;429.0;125.488047239568;119.174663809482;15;0;0;0
18;26;f;8;0;b/y;0;40;50;0.0;target2;yellowDot100S;5634.46950000071;233.46649999803;3;3;5631.93;10;0;390.038618963273;570.85215971999;3.0;6.0;380.5;566.0;134.112825635731;131.108199391659;16;0;0;0
18;26;f;8;0;b/y;0;40;50;0.0;target1;blueDot100S;6251.19779166926;231.530333334376;1;0;6248.66;11;0;150.754406642001;662.202977416323;0.0;7.0;153.5;654.5;185.21878954361;256.128690622508;18;0;1;0
18;26;f;8;0;b/y;0;40;50;0.0;target1;blueDot100S;6669.88237500118;418.684583331924;2;2;6665.63;11;0;321.514729099696;673.095815869752;2.0;7.0;341.5;669.0;186.105480843526;171.107398014897;19;0;0;0
18;26;f;8;0;b/y;0;40;50;0.0;target2;yellowDot100S;7701.39525000195;666.806833334704;1;0;7698.75;12;0;120.782291716589;521.662045006946;0.0;5.0;128.5;520.0;28.9352725924606;251.447207929402;21;0;1;0
18;26;f;8;0;b/y;0;40;50;0.0;target2;yellowDot100S;8219.74129166847;518.346041666518;2;2;8215.74;12;0;193.362517656688;98.2773912422363;1.0;0.0;207.0;91.5;429.822347022581;429.560768973354;22;0;0;0
18;26;f;8;0;b/y;0;40;50;0.0;target1;blueDot100S;8401.64416666812;181.902874999651;1;0;8398.75;13;0;131.226729369012;131.282412991707;0.0;0.0;135.5;124.0;75.7693869580585;70.3575699325524;23;0;1;0
18;26;f;8;0;b/y;0;40;50;0.0;target1;blueDot100S;8535.04358333521;133.399416667089;2;2;8532.11;13;13;133.912999662804;194.581239517748;0.0;1.0;154.5;202.0;78.1184997295775;63.3558007420402;24;0;0;0
18;26;f;9;0;b/y;0;40;50;0.0;target2;yellowDot100S;1036.73741666717;0.0;1;1;1016.39;1;0;918.149437614255;407.05331269705;9.0;4.0;924.0;412.5;0.0;0.0;2;0;2;0
18;26;f;9;0;b/y;0;40;50;0.0;target1;blueDot100S;1320.10141666615;283.363999998983;1;1;1299.76;2;0;913.715164000706;498.937035684853;9.0;5.0;915.0;519.5;105.972873887613;91.9906589419771;3;0;1;0
18;26;f;9;0;b/y;0;40;50;0.0;target2;yellowDot100S;1986.82149999877;400.187874998664;1;0;1966.46;3;0;908.111119216987;586.548240933093;9.0;6.0;914.5;592.5;20.8865985742054;87.7902534623695;5;0;1;0
18;26;f;9;0;b/y;0;40;50;0.0;target2;yellowDot100S;2420.2764583315;433.454958332732;2;2;2399.79;3;0;905.600657496106;185.082285672901;9.0;1.0;910.5;179.0;415.0;401.473804439381;6;0;0;0
18;26;f;9;0;b/y;0;40;50;0.0;target1;blueDot100S;2670.12437499943;249.847916667932;1;0;2649.80;4;0;804.467691229051;126.662982583129;8.0;0.0;805.5;115.5;121.865704773739;116.793372412427;7;0;1;0
18;26;f;9;0;b/y;0;40;50;0.0;target1;blueDot100S;3053.63004166793;383.505666668498;2;0;3033.63;4;0;746.869163033521;341.166629272312;7.0;3.0;750.0;353.5;247.879002741257;222.102239730375;8;0;0;0
18;26;f;9;0;b/y;0;40;50;0.0;target1;blueDot100S;3953.68237499861;516.692416666046;3;3;3933.56;4;0;554.633948508009;675.483520032941;5.0;7.0;563.0;660.0;196.980328967133;385.645123334296;10;0;0;0
18;26;f;9;0;b/y;0;40;50;0.0;target2;yellowDot100S;4236.94262500067;283.260250002058;1;1;4216.53;5;0;731.831207908893;579.126481580901;7.0;6.0;743.0;561.5;207.225119133758;201.701630133305;11;0;1;0
18;26;f;9;0;b/y;0;40;50;0.0;target1;blueDot100S;4620.29516666735;383.352541666682;1;0;4600.01;6;0;567.321514703398;552.879277283794;5.0;6.0;580.5;543.0;165.428232173351;166.590380550559;12;0;1;0
18;26;f;9;0;b/y;0;40;50;0.0;target1;blueDot100S;5036.96808333189;416.672916664538;2;0;5016.58;6;0;556.077062469477;207.185574974301;5.0;1.0;568.0;189.5;349.780288181024;345.876529302706;13;0;0;0
18;26;f;9;0;b/y;0;40;50;0.0;target1;blueDot100S;5686.92554166773;199.940458336641;3;3;5666.79;6;0;312.998034659614;175.131435734768;2.0;1.0;319.5;170.5;74.0067564483136;245.183363227148;15;0;0;0
18;26;f;9;0;b/y;0;40;50;0.0;target2;yellowDot100S;5870.42016666601;183.494624998275;1;0;5833.67;7;0;312.172829789124;261.65067835735;2.0;2.0;333.0;262.5;80.7232927970608;86.5231778604058;16;0;1;0
18;26;f;9;0;b/y;0;40;50;0.0;target2;yellowDot100S;6087.45891666695;217.038750000938;2;0;6066.65;7;0;298.870625865183;113.002089215592;2.0;0.0;310.0;102.0;163.994664547357;149.242593394343;17;0;0;0
18;26;f;9;0;b/y;0;40;50;0.0;target2;yellowDot100S;6403.96908333423;316.510166667285;3;3;6373.95;7;0;204.309172410828;103.890508837015;1.0;0.0;208.0;88.0;107.670794554512;94.9994177687174;18;0;0;0
18;26;f;9;0;b/y;0;40;50;0.0;target1;blueDot100S;6737.12508333119;333.155999996961;1;1;6716.71;8;0;230.925489713329;263.757907422948;1.0;2.0;237.5;257.5;161.246705392699;162.067928589776;19;0;1;0
18;26;f;9;0;b/y;0;40;50;0.0;target2;yellowDot100S;6970.42166666506;233.296583333868;1;0;6950.08;9;0;235.799139446856;355.028169306754;1.0;3.0;247.5;364.5;100.280855600658;91.4002908423361;20;0;1;0
18;26;f;9;0;b/y;0;40;50;0.0;target2;yellowDot100S;7287.05287499906;316.631208334002;2;2;7266.89;9;0;229.152546866644;598.528719211501;1.0;6.0;227.0;583.5;219.866436729211;243.591245731126;21;0;0;0
18;26;f;9;0;b/y;0;40;50;0.0;target1;blueDot100S;7487.15595833346;200.103083334398;1;0;7466.79;10;0;225.327707279727;509.036829574922;1.0;5.0;223.5;517.0;65.6220237420334;89.5735882310814;22;0;1;0
18;26;f;9;0;b/y;0;40;50;0.0;target1;blueDot100S;7687.14183333213;199.985874998674;2;2;7666.82;10;0;138.579623549335;442.742937038097;0.0;4.0;135.5;425.0;125.285673562463;109.17925727252;23;0;0;0
18;26;f;9;0;b/y;0;40;50;0.0;target2;yellowDot100S;8404.24787499796;717.106041665829;1;1;8373.07;11;11;376.341334587293;588.78637895094;3.0;6.0;390.0;598.5;307.171369108516;279.032826315198;24;0;1;0
18;26;f;0;0;rd/gs;1;40;50;0.0;target1;redDot100S;15146.9973333333;0.0;1;1;15126.60;1;0;909.915205788346;190.588284887312;9.0;1.0;925.0;178.5;0.0;0.0;1;0;2;0
18;26;f;0;0;rd/gs;1;40;50;0.0;target2;greenSquare100S;15547.0437500007;400.046416667465;1;1;15526.49;2;0;834.876808883686;176.670217414654;8.0;1.0;843.0;167.5;81.7435012707432;76.3182390532886;2;0;1;0
18;26;f;0;0;rd/gs;1;40;50;0.0;target1;redDot100S;16080.1159583316;533.07220833085;1;1;16059.87;3;0;823.899621186005;432.471002324418;8.0;4.0;831.0;415.5;241.905456738785;256.036208787354;3;0;1;0
18;26;f;0;0;rd/gs;1;40;50;0.0;target2;greenSquare100S;16580.326291667;500.210333335417;1;0;16559.96;4;0;801.039800353069;507.18512584997;8.0;5.0;806.0;507.0;90.6159478237689;78.1330382277904;4;0;1;0
18;26;f;0;0;rd/gs;1;40;50;0.0;target2;greenSquare100S;16846.9938749986;266.667583331582;2;2;16826.61;4;0;881.605101563006;656.623622448004;9.0;7.0;889.5;651.5;164.101340640471;169.772294631746;5;0;0;0
18;26;f;0;0;rd/gs;1;40;50;0.0;target1;redDot100S;17564.0663749982;717.072499999631;1;0;17543.63;5;0;729.072037618672;518.086533626821;7.0;5.0;738.0;502.5;211.82835032167;206.055479362463;6;0;1;0
18;26;f;0;0;rd/gs;1;40;50;0.0;target1;redDot100S;20097.3197916646;566.931041666976;2;0;20076.73;5;0;617.697874075741;483.804069228655;6.0;5.0;611.5;479.0;25.5440795488896;116.531075984474;8;0;0;0
18;26;f;0;0;rd/gs;1;40;50;0.0;target1;redDot100S;20463.8215833329;366.50179166827;3;0;20443.69;5;0;538.503436476335;578.208961329883;5.0;6.0;540.0;580.5;120.208152801713;123.223547259972;9;0;0;0
18;26;f;0;0;rd/gs;1;40;50;0.0;target1;redDot100S;20880.9439166653;417.122333332372;4;0;20860.14;5;0;318.667934735258;656.138271526018;2.0;7.0;330.5;666.5;226.192948608041;233.239416080122;10;0;0;0
18;26;f;0;0;rd/gs;1;40;50;0.0;target1;redDot100S;21180.5432500005;299.599333335209;5;0;21160.11;5;0;313.497046408282;489.65723490218;2.0;5.0;314.5;509.0;155.107220979553;166.561320964495;11;0;0;0
18;26;f;0;0;rd/gs;1;40;50;0.0;target1;redDot100S;21830.5665833323;650.023333331774;6;0;21810.23;5;0;547.753923515364;291.390612706811;5.0;2.0;564.0;289.0;320.975076914081;306.897275890034;12;0;0;0
18;26;f;0;0;rd/gs;1;40;50;0.0;target1;redDot100S;22113.961666666;283.395083333744;7;0;22093.97;5;0;645.985496880279;177.312258846732;6.0;1.0;647.5;187.5;126.437731710119;150.543391834954;13;0;0;0
18;26;f;0;0;rd/gs;1;40;50;0.0;target1;redDot100S;22497.1955000001;383.233833334089;8;8;22476.87;5;0;219.404770151762;212.610865364985;1.0;1.0;223.0;195.0;422.643171008358;428.038675867451;14;0;0;0
18;26;f;0;0;rd/gs;1;40;50;0.0;target2;greenSquare100S;24647.3421249975;350.104499997542;1;0;24627.04;6;0;217.684117138629;336.719847437404;1.0;3.0;229.5;325.5;98.9709553353912;124.12090910819;17;0;1;0
18;26;f;0;0;rd/gs;1;40;50;0.0;target2;greenSquare100S;24864.1265833321;216.784458334587;2;0;24844.15;6;0;192.662705319053;404.198660482043;1.0;4.0;186.5;411.5;93.9215097834357;71.968474065789;18;0;0;0
18;26;f;0;0;rd/gs;1;40;50;0.0;target2;greenSquare100S;25380.988791665;516.862208332896;3;0;25349.87;6;0;321.763207196851;129.376594480492;2.0;0.0;316.0;134.0;304.51806186169;303.634825977621;19;0;0;0
18;26;f;0;0;rd/gs;1;40;50;0.0;target2;greenSquare100S;25780.7406666652;399.75187500022;4;0;25760.39;6;0;481.517326531233;278.223805282307;4.0;2.0;482.5;267.5;206.311051570196;218.350339609958;20;0;0;0
18;26;f;0;0;rd/gs;1;40;50;0.0;target2;greenSquare100S;25997.3582499988;216.617583333573;5;0;25977.06;6;0;543.031323380852;172.893838274356;5.0;1.0;532.5;170.5;99.5301461869719;121.976939452959;21;0;0;0
18;26;f;0;0;rd/gs;1;40;50;0.0;target2;greenSquare100S;26264.1172916665;266.759041667683;6;0;26244.10;6;0;400.840974411832;209.180220951065;3.0;1.0;388.0;208.5;151.248966938621;146.747391485137;22;0;0;0
18;26;f;0;0;rd/gs;1;40;50;0.0;target2;greenSquare100S;27297.4753333328;1033.35804166636;7;7;27277.14;6;6;565.884963382609;664.441522678005;5.0;7.0;582.5;663.0;492.009146256449;484.254448761696;23;0;0;0
18;26;f;1;0;rd/gs;1;40;50;0.0;target1;redDot100S;702.87187500071;0.0;1;0;698.66;1;0;879.800062290009;211.15477493973;9.0;1.0;878.5;192.0;0.0;0.0;1;0;2;0
18;26;f;1;0;rd/gs;1;40;50;0.0;target1;redDot100S;1036.14858333458;333.276708333869;2;0;1031.73;1;0;890.206867824148;341.461153372281;9.0;3.0;901.5;340.5;143.200034916197;130.721283124182;2;0;0;0
18;26;f;1;0;rd/gs;1;40;50;0.0;target1;redDot100S;1267.52029166528;231.371708330698;3;0;1265.05;1;0;921.661176181822;420.449554705344;9.0;4.0;938.5;420.5;82.525753556087;85.0208272096465;3;0;0;0
18;26;f;1;0;rd/gs;1;40;50;0.0;target1;redDot100S;2034.29474999939;366.003833332798;4;0;2031.71;1;0;478.054717148632;417.018669896626;4.0;4.0;488.0;406.0;213.262748739671;443.619726191854;5;0;0;0
18;26;f;1;0;rd/gs;1;40;50;0.0;target1;redDot100S;2402.89199999825;368.597249998857;5;0;2398.76;1;0;626.909373245778;553.393695155007;6.0;6.0;633.0;553.5;206.121929934687;201.880796897634;6;0;0;0
18;26;f;1;0;rd/gs;1;40;50;0.0;target1;redDot100S;2802.85837499832;399.966375000076;6;0;2798.75;1;0;475.722750533211;492.450940289882;4.0;5.0;465.5;476.5;178.729544284094;163.007405530494;7;0;0;0
18;26;f;1;0;rd/gs;1;40;50;0.0;target1;redDot100S;3002.77420833299;199.915833334671;7;0;2998.77;1;0;397.582905348099;519.11405912438;3.0;5.0;406.5;508.5;66.4172417373682;82.5636561177842;8;0;0;0
18;26;f;1;0;rd/gs;1;40;50;0.0;target1;redDot100S;3353.23104166673;350.456833333737;8;0;3348.83;1;0;290.59384419164;580.708842041358;2.0;6.0;299.5;570.0;120.440856855139;123.452729778366;9;0;0;0
18;26;f;1;0;rd/gs;1;40;50;0.0;target1;redDot100S;3597.50454166715;244.273500000418;9;0;3595.10;1;0;238.845260118494;511.274022629447;1.0;5.0;243.5;509.5;80.2573984128566;86.5974023879478;10;0;0;0
18;26;f;1;0;rd/gs;1;40;50;0.0;target1;redDot100S;4367.73779166469;770.233249997545;10;10;4365.16;1;0;371.92616538256;173.464509245402;3.0;1.0;374.0;166.0;367.568020915857;363.078221157189;11;0;0;0
18;26;f;1;0;rd/gs;1;40;50;0.0;target2;greenSquare100S;5586.36041666614;1218.62262500144;1;0;5582.04;2;0;404.084673974012;128.748408870142;3.0;0.0;406.0;109.5;67.753228705354;55.0790278381602;12;0;1;0
18;26;f;1;0;rd/gs;1;40;50;0.0;target2;greenSquare100S;5818.19375000123;231.833333335089;2;0;5815.24;2;0;445.943526355977;210.79748740517;4.0;1.0;451.0;199.5;94.847245611035;92.1097975851774;13;0;0;0
18;26;f;1;0;rd/gs;1;40;50;0.0;target2;greenSquare100S;6118.09108333182;299.897333330591;3;0;6115.23;2;0;535.718627198244;265.364925698941;5.0;2.0;536.0;248.0;98.8837701546619;105.057955687247;14;0;0;0
18;26;f;1;0;rd/gs;1;40;50;0.0;target2;greenSquare100S;6468.23291666806;350.141833336238;4;0;6465.29;2;0;619.855251014543;96.7773141344787;6.0;0.0;611.5;78.0;185.351692735729;188.416438349247;15;0;0;0
18;26;f;1;0;rd/gs;1;40;50;0.0;target2;greenSquare100S;6967.91633333487;499.683416666812;5;0;6965.32;2;0;748.111350383652;516.897400585151;7.0;5.0;760.5;508.0;454.737286793155;439.261327759113;16;0;0;0
18;26;f;1;0;rd/gs;1;40;50;0.0;target2;greenSquare100S;7403.2893750009;435.373041666026;6;0;7398.99;2;0;362.132243078465;428.905091473266;3.0;4.0;369.0;433.5;398.510351183003;395.881949246174;17;0;0;0
18;26;f;1;0;rd/gs;1;40;50;0.0;target2;greenSquare100S;7567.96141666564;164.672041664744;7;7;7565.40;2;0;299.558240277641;407.623266061402;2.0;4.0;303.5;410.5;63.8063476466096;66.0940384556629;18;0;0;0
18;26;f;1;0;rd/gs;1;40;50;0.0;distractor2;greenDot100S;7753.19495833173;185.233541666094;1;1;7749.04;3;3;236.600060396789;286.973982093999;1.0;2.0;241.5;289.5;124.147090179351;136.088141054821;19;1;1;0
18;26;f;2;0;rd/gs;1;40;50;0.0;target1;redDot100S;600.66683333207;0.0;1;0;597.92;1;0;888.510784535614;184.594514331936;9.0;1.0;901.0;170.5;0.0;0.0;1;0;2;0
18;26;f;2;0;rd/gs;1;40;50;0.0;target1;redDot100S;968.985666666413;368.318833334342;2;0;964.97;1;0;904.293847707061;404.107147560891;9.0;4.0;911.5;387.5;215.281211442151;220.079306683258;2;0;0;0
18;26;f;2;0;rd/gs;1;40;50;0.0;target1;redDot100S;1350.83158333146;381.845916665043;3;0;1347.93;1;0;811.820540623112;670.965355116756;8.0;7.0;827.0;668.5;288.021266575925;282.426300940567;3;0;0;0
18;26;f;2;0;rd/gs;1;40;50;0.0;target1;redDot100S;1701.02591666364;350.194333332183;4;0;1697.95;1;0;730.225488262242;477.06513498803;7.0;5.0;732.0;461.0;228.213167893529;210.368837843777;4;0;0;0
18;26;f;2;0;rd/gs;1;40;50;0.0;target1;redDot100S;2051.35858333233;350.332666668692;5;0;2047.97;1;0;628.347699084401;577.081141707634;6.0;6.0;637.0;572.0;144.96637541168;142.766542046449;5;0;0;0
18;26;f;2;0;rd/gs;1;40;50;0.0;target1;redDot100S;2319.11737499831;267.758791665983;6;0;2314.99;1;0;549.355471113778;599.059404679102;5.0;6.0;551.5;600.0;88.2326470191165;81.9927809200655;6;0;0;0
18;26;f;2;0;rd/gs;1;40;50;0.0;target1;redDot100S;3284.33837500052;965.221000002202;7;0;3281.40;1;0;150.856936460345;653.32551401955;0.0;7.0;154.5;647.5;399.951559566906;402.176444789948;7;0;0;0
18;26;f;2;0;rd/gs;1;40;50;0.0;target1;redDot100S;3885.8877499988;601.549374998285;8;0;3881.40;1;0;280.98217968018;245.575198502947;2.0;2.0;290.5;238.0;430.236272296979;428.010395582759;8;0;0;0
18;26;f;2;0;rd/gs;1;40;50;0.0;target1;redDot100S;4219.15583333248;333.268083333678;9;0;4215.14;1;0;132.887441216206;106.730906118512;0.0;0.0;127.5;103.0;210.060110444606;203.0019435583;9;0;0;0
18;26;f;2;0;rd/gs;1;40;50;0.0;target1;redDot100S;4484.46887499813;265.31304166565;10;10;4481.48;1;0;106.955695469636;201.749237219015;0.0;1.0;110.5;211.5;105.643267651091;98.4933433415147;10;0;0;0
18;26;f;2;0;rd/gs;1;40;50;0.0;target2;greenSquare100S;5334.32224999706;849.853374998929;1;0;5331.47;2;0;402.737223733884;119.925620671474;3.0;0.0;399.0;104.0;304.487273954101;306.890561417671;11;0;1;0
18;26;f;2;0;rd/gs;1;40;50;0.0;target2;greenSquare100S;5734.47470833344;400.152458336379;2;0;5731.58;2;0;468.333030831801;115.140634812117;4.0;0.0;460.5;97.5;60.8481717063052;65.7700995780101;12;0;0;0
18;26;f;2;0;rd/gs;1;40;50;0.0;target2;greenSquare100S;6552.28062499737;817.805916663929;3;0;6548.20;2;0;619.548783259527;334.052313312246;6.0;3.0;621.0;326.0;275.467330186358;266.061133512632;13;0;0;0
18;26;f;2;0;rd/gs;1;40;50;0.0;target2;greenSquare100S;6816.59133333233;264.310708334961;4;0;6813.93;2;0;702.169056199067;423.04379124493;7.0;4.0;705.5;412.0;118.105884696742;121.431431866908;14;0;0;0
18;26;f;2;0;rd/gs;1;40;50;0.0;target2;greenSquare100S;7219.31133333055;402.719999998226;5;0;7215.26;2;0;626.481458726379;188.056849419407;6.0;1.0;612.0;174.5;256.724073666651;246.875424535735;15;0;0;0
18;26;f;2;0;rd/gs;1;40;50;0.0;target2;greenSquare100S;7584.55250000043;365.241166669875;6;0;7581.60;2;0;807.922115738535;279.510500044786;8.0;2.0;815.0;269.5;218.944056781635;203.185831764205;16;0;0;0
18;26;f;2;0;rd/gs;1;40;50;0.0;target2;greenSquare100S;8402.85395833052;818.301458330097;7;0;8398.33;2;0;469.780000548714;516.096811412462;4.0;5.0;481.0;509.5;409.370553410965;412.690165610485;17;0;0;0
18;26;f;2;0;rd/gs;1;40;50;0.0;target2;greenSquare100S;8650.93562499897;248.08166666844;8;0;8648.25;2;0;376.577538950104;414.452230475011;3.0;4.0;382.0;412.5;137.554534639902;137.906923981323;18;0;0;0
18;26;f;2;0;rd/gs;1;40;50;0.0;target2;greenSquare100S;9069.78479166719;418.849166668224;9;0;9065.38;2;0;208.521120771284;572.144232427458;1.0;6.0;217.0;562.5;221.545706345214;230.45547763259;19;0;0;0
18;26;f;2;0;rd/gs;1;40;50;0.0;target2;greenSquare100S;9269.3808749973;199.596083330107;10;10;9265.40;2;2;127.891941114849;559.311635364478;0.0;6.0;132.5;561.5;82.5378700960959;81.6439842208255;20;0;0;0
18;26;f;3;0;rd/gs;1;40;50;0.0;target1;redDot100S;634.348166666314;0.0;1;0;631.61;1;0;833.666776567187;358.314696492069;8.0;3.0;836.5;352.0;0.0;0.0;1;0;2;0
18;26;f;3;0;rd/gs;1;40;50;0.0;target1;redDot100S;884.894124999846;250.545958333532;2;0;881.74;1;0;708.448097895707;258.251099649178;7.0;2.0;712.5;265.0;145.915215107952;160.288617504076;2;0;0;0
18;26;f;3;0;rd/gs;1;40;50;0.0;target1;redDot100S;1219.50358333561;334.609458335763;3;0;1215.44;1;0;800.512920888492;109.489589962413;8.0;0.0;815.0;100.0;189.249174370722;174.945472639272;3;0;0;0
18;26;f;3;0;rd/gs;1;40;50;0.0;target1;redDot100S;1469.38479166784;249.881208332226;4;0;1465.41;1;0;713.798031945717;113.049496561397;7.0;0.0;721.5;95.0;93.108807317031;86.7879306087618;4;0;0;0
18;26;f;3;0;rd/gs;1;40;50;0.0;target1;redDot100S;1984.71837499892;515.333583331085;5;0;1981.78;1;0;833.922154167851;661.246634476333;8.0;7.0;847.0;646.5;561.549641616839;561.203979634647;5;0;0;0
18;26;f;3;0;rd/gs;1;40;50;0.0;target1;redDot100S;2400.62145833508;415.903083336161;6;0;2398.46;1;0;578.445785101904;477.021813761851;5.0;5.0;586.0;465.5;312.250700559662;314.971363330705;6;0;0;0
18;26;f;3;0;rd/gs;1;40;50;0.0;target1;redDot100S;2603.06349999883;202.442041663744;7;0;2598.63;1;0;494.552661529858;494.383096493038;4.0;5.0;503.5;487.0;78.7162626145322;85.6707086508956;7;0;0;0
18;26;f;3;0;rd/gs;1;40;50;0.0;target1;redDot100S;2951.02387500083;347.960375002003;8;0;2948.52;1;0;390.368447519527;266.392390337397;3.0;2.0;392.5;262.5;248.88250239822;250.667334414156;8;0;0;0
18;26;f;3;0;rd/gs;1;40;50;0.0;target1;redDot100S;3283.714541667;332.690666666167;9;0;3281.70;1;0;317.854402474281;497.179581946373;2.0;5.0;326.5;485.5;230.894997780376;241.911170762291;9;0;0;0
18;26;f;3;0;rd/gs;1;40;50;0.0;target1;redDot100S;4069.71574999989;400.043083333003;10;10;4065.63;1;0;138.442070990021;400.601138639016;0.0;4.0;131.5;390.0;31.3408678884296;203.75519723504;11;0;0;0
18;26;f;3;0;rd/gs;1;40;50;0.0;target2;greenSquare100S;4819.75270833209;750.036958332203;1;0;4815.65;2;0;316.936408846328;203.318294359722;2.0;1.0;325.5;194.5;276.136288814056;266.04651716136;12;0;1;0
18;26;f;3;0;rd/gs;1;40;50;0.0;target2;greenSquare100S;5319.81920833277;500.066500000685;2;0;5315.65;2;0;371.085369680145;434.401728181463;3.0;4.0;377.5;436.0;244.806045676981;237.342923522547;13;0;0;0
18;26;f;3;0;rd/gs;1;40;50;0.0;target2;greenSquare100S;5550.94195833226;231.122749999486;3;0;5548.54;2;0;360.029496074864;497.049893763838;3.0;5.0;368.5;496.0;57.8705451849211;63.6162321425323;14;0;0;0
18;26;f;3;0;rd/gs;1;40;50;0.0;target2;greenSquare100S;5819.66016666775;268.718208335486;4;0;5815.60;2;0;319.361079342699;594.902892885616;2.0;6.0;319.5;583.5;96.2548700066651;105.967587292661;15;0;0;0
18;26;f;3;0;rd/gs;1;40;50;0.0;target2;greenSquare100S;6186.01645833405;366.356291666307;5;0;6182.16;2;0;193.320660457964;437.953715033271;1.0;4.0;200.5;434.0;194.224740957479;201.293893650966;16;0;0;0
18;26;f;3;0;rd/gs;1;40;50;0.0;target2;greenSquare100S;6534.9390416668;348.922583332751;6;0;6532.06;2;0;129.713734941582;648.452271880299;0.0;7.0;147.5;647.0;220.707951827749;219.898802653239;17;0;0;0
18;26;f;3;0;rd/gs;1;40;50;0.0;target2;greenSquare100S;7985.02741666744;1450.08837500063;7;0;7982.10;2;0;616.947022978462;350.219459156101;6.0;3.0;624.5;349.5;569.899113878939;571.260962745238;18;0;0;0
18;26;f;3;0;rd/gs;1;40;50;0.0;target2;greenSquare100S;8487.37550000078;502.348083333345;8;0;8482.22;2;0;809.723355407642;209.965371948721;8.0;1.0;799.5;190.5;228.272315448019;238.398664684224;19;0;0;0
18;26;f;3;0;rd/gs;1;40;50;0.0;target2;greenSquare100S;8637.11700000204;149.741500001255;9;0;8633.22;2;0;832.374366953651;264.602403478551;8.0;2.0;827.5;267.5;80.1826040983953;59.146204767923;20;0;0;0
18;26;f;3;0;rd/gs;1;40;50;0.0;target2;greenSquare100S;10252.158416668;1615.04141666592;10;10;10248.95;2;2;917.678170068274;645.496563722143;9.0;7.0;929.5;654.5;393.515247480958;390.32947638308;21;0;0;0
18;26;f;4;0;rd/gs;1;40;50;0.0;target1;redDot100S;870.384374997229;0.0;1;0;866.35;1;0;702.5087457247;107.221821703794;7.0;0.0;704.0;100.5;0.0;0.0;1;0;2;0
18;26;f;4;0;rd/gs;1;40;50;0.0;target1;redDot100S;1104.25854166533;233.874166668102;2;0;1100.09;1;0;643.769849570783;94.2550583799541;6.0;0.0;637.5;78.5;70.6770825657087;60.1530952859222;2;0;0;0
18;26;f;4;0;rd/gs;1;40;50;0.0;target1;redDot100S;1318.84899999932;214.590458333987;3;0;1316.32;1;0;538.030321081901;106.264960614643;5.0;0.0;531.5;99.5;102.470727527426;106.419385624697;3;0;0;0
18;26;f;4;0;rd/gs;1;40;50;0.0;target1;redDot100S;1587.500083333;268.65108333368;4;0;1583.03;1;0;542.822845800101;271.866914083024;5.0;2.0;550.0;284.0;180.167977176856;165.671286847536;4;0;0;0
18;26;f;4;0;rd/gs;1;40;50;0.0;target1;redDot100S;1954.3277499979;366.827666664904;5;0;1950.06;1;0;388.438028744581;202.395098169844;3.0;1.0;399.0;201.5;170.271841477092;169.295614070599;5;0;0;0
18;26;f;4;0;rd/gs;1;40;50;0.0;target1;redDot100S;2535.94933333079;581.62158333289;6;0;2533.08;1;0;492.142792165609;589.193650166958;4.0;6.0;512.5;588.0;403.020160786033;400.459483322939;6;0;0;0
18;26;f;4;0;rd/gs;1;40;50;0.0;target1;redDot100S;3070.53812499726;534.588791666465;7;0;3066.59;1;0;136.260667199966;518.589646370471;0.0;5.0;140.5;511.0;376.739299781693;362.818153104494;7;0;0;0
18;26;f;4;0;rd/gs;1;40;50;0.0;target1;redDot100S;4004.300624998;933.762500000739;8;0;4000.23;1;0;826.197431931446;328.321492160266;8.0;3.0;830.0;311.0;716.340875561349;715.691770132017;8;0;0;0
18;26;f;4;0;rd/gs;1;40;50;0.0;target1;redDot100S;4321.25470833125;316.954083333258;9;0;4316.51;1;0;785.628465812636;443.248358245856;8.0;4.0;784.5;435.5;128.923426885884;121.877092023909;9;0;0;0
18;26;f;4;0;rd/gs;1;40;50;0.0;target1;redDot100S;4570.81241666674;249.557708335487;10;10;4566.65;1;0;813.04512256076;506.787869491385;8.0;5.0;817.0;502.5;69.3271231193102;69.2021860678198;10;0;0;0
18;26;f;4;0;rd/gs;1;40;50;0.0;target2;greenSquare100S;5054.40558333066;483.593166663923;1;0;5050.29;2;0;798.599649657137;129.586546934805;8.0;0.0;795.0;113.0;390.968349102584;377.47782640288;11;0;1;0
18;26;f;4;0;rd/gs;1;40;50;0.0;target2;greenSquare100S;5519.46637500077;465.060791670112;2;0;5516.59;2;0;665.45453579429;580.387393967207;6.0;6.0;664.5;569.5;473.362440419601;470.05215139459;12;0;0;0
18;26;f;4;0;rd/gs;1;40;50;0.0;target2;greenSquare100S;6036.21541666507;516.749041664298;3;0;6033.28;2;0;387.5513357833;591.299223279924;3.0;6.0;395.0;593.0;270.396468172201;278.117343211993;13;0;0;0
18;26;f;4;0;rd/gs;1;40;50;0.0;target2;greenSquare100S;6270.84604166521;234.630625000136;4;0;6266.76;2;0;316.002308371099;503.531123467006;2.0;5.0;312.5;503.5;115.806951432114;113.236490003896;14;0;0;0
18;26;f;4;0;rd/gs;1;40;50;0.0;target2;greenSquare100S;6586.1274166673;315.281375002087;5;0;6583.29;2;0;397.807057757677;411.826669997835;3.0;4.0;390.5;403.0;125.207827231368;122.889071150694;15;0;0;0
18;26;f;4;0;rd/gs;1;40;50;0.0;target2;greenSquare100S;6904.56587500012;318.438458332821;6;0;6900.41;2;0;322.463471778048;351.968322664661;2.0;3.0;333.5;340.5;80.6225774829855;96.2272190896563;16;0;0;0
18;26;f;4;0;rd/gs;1;40;50;0.0;target2;greenSquare100S;7185.92862500009;281.362749999971;7;0;7183.37;2;0;201.339635904157;438.449604497847;1.0;4.0;212.5;438.0;151.879063731641;148.82874629693;17;0;0;0
18;26;f;4;0;rd/gs;1;40;50;0.0;target2;greenSquare100S;7554.62804166746;368.699416667368;8;0;7550.52;2;0;296.178657573263;248.207614705371;2.0;2.0;299.5;244.0;213.781430437725;212.571058028495;18;0;0;0
18;26;f;4;0;rd/gs;1;40;50;0.0;target2;greenSquare100S;8104.4033750004;318.152541669406;9;0;8100.42;2;0;304.266840023272;116.42848983489;2.0;0.0;315.0;123.0;215.668727450226;132.027104970815;20;0;0;0
18;26;f;4;0;rd/gs;1;40;50;0.0;target2;greenSquare100S;8504.67795833174;400.274583331338;10;10;8500.56;2;2;448.174150994476;282.73602584566;4.0;2.0;453.5;298.5;233.200021440822;219.926148251945;21;0;0;0
18;26;f;5;0;rd/gs;1;40;50;0.0;target1;redDot100S;884.553333333315;0.0;1;0;881.98;1;0;902.459012305898;491.909594099327;9.0;5.0;908.0;493.5;0.0;0.0;1;0;2;0
18;26;f;5;0;rd/gs;1;40;50;0.0;target1;redDot100S;1269.89170833258;385.338374999264;2;0;1265.71;1;0;800.658830982013;260.069056003265;8.0;2.0;798.5;260.0;259.712340869663;253.206066321973;2;0;0;0
18;26;f;5;0;rd/gs;1;40;50;0.0;target1;redDot100S;1434.9333333339;165.041625001322;3;0;1431.97;1;0;819.627696309651;175.052030773913;8.0;1.0;809.5;182.0;72.2495674727538;87.1074763190064;3;0;0;0
18;26;f;5;0;rd/gs;1;40;50;0.0;target1;redDot100S;1884.97350000034;450.04016666644;4;0;1882.02;1;0;730.263164876086;570.11662534239;7.0;6.0;732.0;559.0;388.819045315427;405.045742305601;4;0;0;0
18;26;f;5;0;rd/gs;1;40;50;0.0;target1;redDot100S;2201.31087499976;316.337374999421;5;0;2198.74;1;0;534.585084951269;503.607263336964;5.0;5.0;527.0;495.5;216.146362449152;206.67221922027;5;0;0;0
18;26;f;5;0;rd/gs;1;40;50;0.0;target1;redDot100S;2551.5130833337;350.20220833394;6;0;2548.71;1;0;467.802057442919;251.435505791043;4.0;2.0;481.0;253.0;244.174118202565;260.865038031125;6;0;0;0
18;26;f;5;0;rd/gs;1;40;50;0.0;target1;redDot100S;2701.57612500043;150.063041666726;7;0;2698.65;1;0;458.398676364553;190.957844510556;4.0;1.0;475.0;189.5;61.5893659652379;61.2043388140272;7;0;0;0
18;26;f;5;0;rd/gs;1;40;50;0.0;target1;redDot100S;3070.21204166813;368.635916667699;8;0;3065.79;1;0;283.852124455792;168.912527149149;2.0;1.0;283.0;159.0;190.163087900886;175.933211193347;8;0;0;0
18;26;f;5;0;rd/gs;1;40;50;0.0;target1;redDot100S;3301.36754166597;231.15549999784;9;0;3298.81;1;0;300.604772551946;340.441077446365;2.0;3.0;307.0;338.0;175.819509725172;172.344697583935;9;0;0;0
18;26;f;5;0;rd/gs;1;40;50;0.0;target1;redDot100S;3570.00749999861;268.639958332642;10;10;3565.83;1;0;287.211488947715;499.636473155003;2.0;5.0;294.0;495.5;155.67674842442;159.757798121197;10;0;0;0
18;26;f;5;0;rd/gs;1;40;50;0.0;target2;greenSquare100S;5084.56866666529;664.697333329968;1;0;5082.29;2;0;313.655483530996;663.268395507865;2.0;7.0;329.0;655.0;08.;165.754912031027;12;0;1;0
18;26;f;5;0;rd/gs;1;40;50;0.0;target2;greenSquare100S;5803.13812500026;718.569458334969;2;0;5799.04;2;0;153.904199950074;261.452058933607;0.0;2.0;144.5;256.0;438.634243989226;432.408187877739;13;0;0;0
18;26;f;5;0;rd/gs;1;40;50;0.0;target2;greenSquare100S;6119.87466666687;316.736541666614;3;0;6115.93;2;0;395.041258087396;290.947596301768;3.0;2.0;396.5;281.0;240.252471371264;242.934286447506;14;0;0;0
18;26;f;5;0;rd/gs;1;40;50;0.0;target2;greenSquare100S;6401.48100000079;281.606333333912;4;0;6398.93;2;0;536.379115738102;183.871092064094;5.0;1.0;544.0;172.0;178.044938147649;177.318266867945;15;0;0;0
18;26;f;5;0;rd/gs;1;40;50;0.0;target2;greenSquare100S;6753.22112499998;351.740124999196;5;0;6749.08;2;0;647.365239413164;353.394418608736;6.0;3.0;657.0;344.5;209.349588010103;202.622994477867;16;0;0;0
18;26;f;5;0;rd/gs;1;40;50;0.0;target2;greenSquare100S;6901.46725000159;148.246125001606;6;0;6898.96;2;0;661.663299228789;425.239897488966;6.0;4.0;677.0;417.5;69.6078300193304;73.2544015743818;17;0;0;0
18;26;f;5;0;rd/gs;1;40;50;0.0;target2;greenSquare100S;7102.15962499933;200.692374997743;7;0;7098.99;2;0;637.963014240648;555.797841990783;6.0;6.0;635.5;547.0;126.677740743984;132.691674121094;18;0;0;0
18;26;f;5;0;rd/gs;1;40;50;0.0;target2;greenSquare100S;7525.76820833201;423.60858333268;8;0;7523.35;2;0;827.171429892575;595.992811931628;8.0;6.0;834.5;586.0;204.690620205226;193.430763225651;19;0;0;0
18;26;f;5;0;rd/gs;1;40;50;0.0;target2;greenSquare100S;7685.24895833252;159.480750000512;9;0;7682.36;2;0;912.567669378837;638.345332118729;9.0;7.0;932.0;638.0;108.061325181584;95.3218426416204;20;0;0;0
18;26;f;5;0;rd/gs;1;40;50;0.0;target2;greenSquare100S;8135.40033333265;450.151375000132;10;10;8132.25;2;2;810.801283196955;94.2795585896944;8.0;0.0;810.5;86.0;557.842495692108;553.501547678294;21;0;0;0
18;26;f;6;0;rd/gs;1;40;50;0.0;target1;redDot100S;586.770916666865;0.0;1;0;566.37;1;0;795.689920346896;113.120453388088;8.0;0.0;810.5;113.0;0.0;0.0;1;0;2;0
18;26;f;6;0;rd/gs;1;40;50;0.0;target1;redDot100S;936.854333333031;350.083416666166;2;0;916.42;1;0;920.185005708187;436.895555328762;9.0;4.0;925.0;435.5;348.213296701892;346.885201350259;2;0;0;0
18;26;f;6;0;rd/gs;1;40;50;0.0;target1;redDot100S;1486.80283333306;216.800750000402;3;0;1450.09;1;0;726.423351401566;633.169356364758;7.0;7.0;740.5;623.5;137.522725394751;275.802435907945;4;0;0;0
18;26;f;6;0;rd/gs;1;40;50;0.0;target1;redDot100S;1920.42770833359;433.624875000532;4;0;1900.18;1;0;648.397249864632;290.252173261492;6.0;2.0;660.0;280.5;353.488330783351;351.682053833474;5;0;0;0
18;26;f;6;0;rd/gs;1;40;50;0.0;target1;redDot100S;2536.7087083323;616.280999998708;5;0;2500.18;1;0;409.178530518556;514.250673484655;3.0;5.0;418.0;517.0;337.301793650731;327.720801579336;6;0;0;0
18;26;f;6;0;rd/gs;1;40;50;0.0;target1;redDot100S;2736.95708333253;200.248375000228;6;0;2700.17;1;0;485.158581928669;658.259088416104;4.0;7.0;485.0;647.0;144.81885236391;162.823191785911;7;0;0;0
18;26;f;6;0;rd/gs;1;40;50;0.0;target1;redDot100S;2970.16833333328;233.21125000075;7;0;2950.19;1;0;373.726175059244;574.870761925619;3.0;6.0;375.5;560.0;140.868733223523;139.179000914638;8;0;0;0
18;26;f;6;0;rd/gs;1;40;50;0.0;target1;redDot100S;3336.85870833142;366.690374998143;8;0;3300.27;1;0;193.973949249487;493.344888292679;1.0;5.0;206.5;491.5;182.270403521801;197.376114956131;9;0;0;0
18;26;f;6;0;rd/gs;1;40;50;0.0;target1;redDot100S;3970.38595833146;633.527250000043;9;9;3950.25;1;0;202.341402955143;129.283366560979;1.0;0.0;206.0;126.5;365.500341997104;364.1576662479;10;0;0;0
18;26;f;6;0;rd/gs;1;40;50;0.0;target2;greenSquare100S;4253.73283333465;283.34687500319;1;0;4233.23;2;0;151.876760568067;185.700014816567;0.0;1.0;151.5;185.0;78.9065903458007;75.6935818392166;11;0;1;0
18;26;f;6;0;rd/gs;1;40;50;0.0;target2;greenSquare100S;4586.93158333335;333.198749998701;2;0;4550.33;2;0;102.456790895517;479.875601583439;0.0;5.0;100.0;476.0;287.066629896266;298.297853247503;12;0;0;0
18;26;f;6;0;rd/gs;1;40;50;0.0;target2;greenSquare100S;4937.23208333176;350.300499998411;3;0;4916.66;2;0;306.028834184332;494.481549076343;2.0;5.0;300.5;496.5;194.967946083452;204.095346617576;13;0;0;0
18;26;f;6;0;rd/gs;1;40;50;0.0;target2;greenSquare100S;5220.41779166466;283.185708332894;4;0;5200.28;2;0;363.766449693783;639.209069141966;3.0;7.0;375.5;633.5;154.767567661962;155.819406073385;14;0;0;0
18;26;f;6;0;rd/gs;1;40;50;0.0;target2;greenSquare100S;5553.79220833129;333.374416666629;5;0;5533.34;2;0;310.544486492672;667.412676903254;2.0;7.0;309.5;666.0;71.1196175467782;60.2330545276681;15;0;0;0
18;26;f;6;0;rd/gs;1;40;50;0.0;target2;greenSquare100S;5853.81849999976;300.026291668473;6;0;5833.43;2;0;533.337657262259;644.737492474955;5.0;7.0;528.5;643.5;207.66860619747;223.944102245234;16;0;0;0
18;26;f;6;0;rd/gs;1;40;50;0.0;target2;greenSquare100S;6120.35937499968;266.540874999919;7;0;6100.35;2;0;627.718958508081;503.320196423619;6.0;5.0;621.0;498.0;167.162346238619;170.019650768156;17;0;0;0
18;26;f;6;0;rd/gs;1;40;50;0.0;target2;greenSquare100S;6487.17095833126;366.811583331582;8;0;6466.73;2;0;746.048104215317;352.719726013023;7.0;3.0;749.5;338.5;193.659494990563;191.526208158824;18;0;0;0
18;26;f;6;0;rd/gs;1;40;50;0.0;target2;greenSquare100S;6737.58616666601;250.415208334744;9;0;6700.43;2;0;830.821652339886;487.215799836199;8.0;5.0;826.5;473.5;153.23592920722;158.983484473947;19;0;0;0
18;26;f;6;0;rd/gs;1;40;50;0.0;target2;greenSquare100S;6937.09600000147;199.509833335469;10;10;6916.77;2;0;822.918852987046;632.499580053332;8.0;7.0;820.5;639.5;162.339921153116;145.498560239583;20;0;0;0
18;26;f;6;0;rd/gs;1;40;50;0.0;target1;redDot100S;9187.2199999998;2250.12399999832;1;1;9166.88;3;3;730.164076165438;502.14053002069;7.0;5.0;739.5;514.0;148.121571690284;159.990407676958;21;0;1;0
18;26;f;7;0;rd/gs;1;40;50;0.0;target1;redDot100S;1102.0222916668;0.0;1;0;1098.11;1;0;875.628305584416;269.299323277906;9.0;2.0;871.5;251.5;0.0;0.0;2;0;2;0
18;26;f;7;0;rd/gs;1;40;50;0.0;target1;redDot100S;1452.11520833254;350.092916665744;2;0;1448.08;1;0;801.324795209213;443.508762538977;8.0;4.0;803.5;458.5;224.141138571214;189.393612304467;3;0;0;0
18;26;f;7;0;rd/gs;1;40;50;0.0;target1;redDot100S;2583.6493333336;449.689958335512;3;0;2581.06;1;0;551.701101175555;651.032295444617;5.0;7.0;560.0;645.5;222.535952151557;324.619785799708;5;0;0;0
18;26;f;7;0;rd/gs;1;40;50;0.0;target1;redDot100S;2902.42612500151;318.776791667915;4;0;2898.14;1;0;547.926628132195;437.240347325159;5.0;4.0;558.0;432.5;206.015169344396;213.825264474215;6;0;0;0
18;26;f;7;0;rd/gs;1;40;50;0.0;target1;redDot100S;3334.02458333148;431.598458329972;5;0;3331.15;1;0;544.78805547058;94.6616976909334;5.0;0.0;541.0;84.5;344.497097230151;342.593026525004;7;0;0;0
18;26;f;7;0;rd/gs;1;40;50;0.0;target1;redDot100S;3683.7259999993;349.701416667813;6;0;3681.18;1;0;392.166740523324;278.461647096249;3.0;2.0;399.0;266.0;222.79418753639;238.905184492982;8;0;0;0
18;26;f;7;0;rd/gs;1;40;50;0.0;target1;redDot100S;3984.39908333239;300.673083333095;7;0;3981.24;1;0;295.912769628584;184.261104677617;2.0;1.0;295.5;180.0;134.714512952391;134.679505140797;9;0;0;0
18;26;f;7;0;rd/gs;1;40;50;0.0;target1;redDot100S;4267.56100000057;283.161916668178;8;0;4264.59;1;0;212.660121150991;365.918206335457;1.0;3.0;225.5;359.5;188.55768348174;199.825689192507;10;0;0;0
18;26;f;7;0;rd/gs;1;40;50;0.0;target1;redDot100S;4668.68754166717;199.631999999838;9;0;4664.66;1;0;140.65461413727;354.60559244814;0.0;3.0;147.0;358.0;103.451679541707;72.8887390017591;12;0;0;0
18;26;f;7;0;rd/gs;1;40;50;0.0;target1;redDot100S;4952.4127500008;283.725208333635;10;10;4948.31;1;0;187.662739535097;423.420336633331;1.0;4.0;203.5;419.5;80.9845664308947;83.338063756552;13;0;0;0
18;26;f;7;0;rd/gs;1;40;50;0.0;target2;greenSquare100S;5318.0159166659;365.603166665096;1;0;5314.69;2;0;102.002325453379;445.45415951616;0.0;4.0;107.5;427.0;98.9570613953345;88.4488320526805;14;0;1;0
18;26;f;7;0;rd/gs;1;40;50;0.0;target2;greenSquare100S;5468.77470833351;150.758791667613;2;0;5464.66;2;0;123.347573865425;495.354768249045;0.0;5.0;128.0;488.5;60.2515559965052;54.2742147035257;15;0;0;0
18;26;f;7;0;rd/gs;1;40;50;0.0;target2;greenSquare100S;6233.97566666608;500.210833331948;3;0;6231.37;2;0;103.870814260065;645.64345662612;0.0;7.0;110.5;639.5;15.5080624192708;151.54548498331;17;0;0;0
18;26;f;7;0;rd/gs;1;40;50;0.0;target2;greenSquare100S;6552.43033333318;318.454666667094;4;0;6548.37;2;0;278.505995804361;485.375086838047;2.0;5.0;285.5;481.0;232.142197801261;237.030371445383;18;0;0;0
18;26;f;7;0;rd/gs;1;40;50;0.0;target2;greenSquare100S;6802.55195833161;250.121624998428;5;0;6798.35;2;0;392.711171661863;435.388891800671;3.0;4.0;391.0;428.0;116.509656252175;124.665319503692;19;0;0;0
18;26;f;7;0;rd/gs;1;40;50;0.0;target2;greenSquare100S;7252.70525000087;450.153291669267;6;0;7248.41;2;0;231.218053706811;114.885767005573;1.0;0.0;238.0;112.0;353.525812353214;358.89034557963;20;0;0;0
18;26;f;7;0;rd/gs;1;40;50;0.0;target2;greenSquare100S;8802.56929166717;451.4779166675;7;0;8798.51;2;0;721.154095607092;333.425408247626;7.0;3.0;707.5;344.5;35.9235298933721;536.46705392514;22;0;0;0
18;26;f;7;0;rd/gs;1;40;50;0.0;target2;greenSquare100S;9102.7466250016;300.177333334432;8;0;9098.53;2;0;786.648533025229;207.794875199;8.0;1.0;779.0;207.0;154.075468521111;141.677634673932;23;0;0;0
18;26;f;7;0;rd/gs;1;40;50;0.0;target2;greenSquare100S;9269.07241666777;166.325791666168;9;0;9264.86;2;0;794.596853949387;134.725415992308;8.0;0.0;798.5;137.5;66.1097572223647;73.5004875784634;24;0;0;0
18;26;f;7;0;rd/gs;1;40;50;0.0;target2;greenSquare100S;9917.73837499932;499.841000000742;10;10;9914.88;2;2;714.238872229832;101.036246156706;7.0;0.0;720.0;92.5;13.6473440639562;87.1341803786109;26;0;0;0
18;26;f;8;0;rd/gs;1;40;50;0.0;target1;redDot100S;970.499458333506;0.0;1;0;950.04;1;0;750.9498713076;264.574234119838;7.0;2.0;757.0;256.0;0.0;0.0;1;0;2;0
18;26;f;8;0;rd/gs;1;40;50;0.0;target1;redDot100S;1220.15716666647;249.657708332961;2;0;1200.05;1;0;630.54521469391;249.898357707974;6.0;2.0;615.5;247.0;135.624481565829;121.295765312384;2;0;0;0
18;26;f;8;0;rd/gs;1;40;50;0.0;target1;redDot100S;1486.66091666746;266.503750000993;3;0;1466.39;1;0;625.432781594566;116.139491214997;6.0;0.0;635.5;98.5;142.10647416638;133.856532667186;3;0;0;0
18;26;f;8;0;rd/gs;1;40;50;0.0;target1;redDot100S;1886.6742916689;400.013375001436;4;0;1866.37;1;0;454.70713016358;188.523571356207;4.0;1.0;464.5;191.5;197.735302867242;185.436520444123;4;0;0;0
18;26;f;8;0;rd/gs;1;40;50;0.0;target1;redDot100S;2136.81070833263;250.136416663736;5;0;2116.53;1;0;365.217490355025;120.46887881061;3.0;0.0;356.0;108.5;124.105801637152;112.427028825548;5;0;0;0
18;26;f;8;0;rd/gs;1;40;50;0.0;target1;redDot100S;2403.61675000167;266.806041669042;6;0;2383.09;1;0;364.165689149876;336.757761584336;3.0;3.0;376.5;332.0;221.0;216.291440184955;6;0;0;0
18;26;f;8;0;rd/gs;1;40;50;0.0;target1;redDot100S;3336.73183333303;283.185791664437;7;0;3316.63;1;0;196.735627935512;637.681003223249;1.0;7.0;191.5;621.5;137.885822331377;344.365536540341;9;0;0;0
18;26;f;8;0;rd/gs;1;40;50;0.0;target1;redDot100S;3836.87600000121;500.144166668179;8;0;3800.18;1;0;301.964479357762;588.875166399325;2.0;6.0;288.0;586.0;97.6933979345585;115.996210626595;10;0;0;0
18;26;f;8;0;rd/gs;1;40;50;0.0;target1;redDot100S;4120.28949999876;283.41349999755;9;0;4100.22;1;0;454.785526426154;590.834891820586;4.0;6.0;460.5;586.0;158.028478446133;152.833611979847;11;0;0;0
18;26;f;8;0;rd/gs;1;40;50;0.0;target1;redDot100S;4703.63474999976;583.345250001003;10;10;4683.30;1;0;826.442473751137;638.384746772684;8.0;7.0;832.5;629.5;375.76488659799;374.686369115412;12;0;0;0
18;26;f;8;0;rd/gs;1;40;50;0.0;target2;greenSquare100S;6420.40241666837;1716.7676666686;1;0;6400.42;2;0;881.454710330481;570.710085647751;9.0;6.0;886.0;562.0;85.5131568824354;87.2135650678044;13;0;1;0
18;26;f;8;0;rd/gs;1;40;50;0.0;target2;greenSquare100S;6953.66554166685;533.263124998484;2;0;6933.38;2;0;577.208092247415;421.289157012347;5.0;4.0;594.5;419.0;321.124586414681;338.958136838828;14;0;0;0
18;26;f;8;0;rd/gs;1;40;50;0.0;target2;greenSquare100S;7370.43066666592;416.765124999074;3;0;7350.43;2;0;376.888042064399;674.562512415356;3.0;7.0;378.0;671.0;332.733001068424;322.917195365043;15;0;0;0
18;26;f;8;0;rd/gs;1;40;50;0.0;target2;greenSquare100S;7620.54645833268;250.115791666758;4;0;7600.41;2;0;273.714064499694;646.156693513767;2.0;7.0;268.0;643.5;113.87054052739;107.012897325473;16;0;0;0
18;26;f;8;0;rd/gs;1;40;50;0.0;target2;greenSquare100S;8304.07375000141;683.527291668725;5;0;8283.49;2;0;195.032624823329;282.55093068714;1.0;2.0;201.0;288.0;359.971179401907;372.021396844696;17;0;0;0
18;26;f;8;0;rd/gs;1;40;50;0.0;target2;greenSquare100S;8603.82020833276;299.746458331356;6;0;8583.45;2;0;315.526478906852;267.845006325173;2.0;2.0;308.5;275.5;102.094319136767;121.387944554809;18;0;0;0
18;26;f;8;0;rd/gs;1;40;50;0.0;target2;greenSquare100S;8803.93066666875;200.110458335985;7;0;8783.47;2;0;395.875740149587;194.790713895065;3.0;1.0;405.5;197.0;113.850779531806;108.595273491607;19;0;0;0
18;26;f;8;0;rd/gs;1;40;50;0.0;target2;greenSquare100S;9103.65466666553;299.723999996786;8;0;9083.48;2;0;470.945113710611;342.306999855479;4.0;3.0;487.0;345.0;169.335465865837;165.518776791031;20;0;0;0
18;26;f;8;0;rd/gs;1;40;50;0.0;target2;greenSquare100S;9370.49950000073;266.844833335199;9;0;9350.51;2;0;553.439851396617;186.379235006563;5.0;1.0;572.0;177.5;186.715023498378;176.405355918299;21;0;0;0
18;26;f;8;0;rd/gs;1;40;50;0.0;target2;greenSquare100S;10037.2266250015;666.727125000762;10;10;10000.58;2;2;903.63324100151;265.52117109709;9.0;2.0;899.5;250.5;326.49655434629;359.024868457773;22;0;0;0
18;26;f;9;0;rd/gs;1;40;50;0.0;target1;redDot100S;870.149916667287;0.0;1;0;865.42;1;0;916.292255048762;511.662299027411;9.0;5.0;910.5;516.5;0.0;0.0;1;0;2;0
18;26;f;9;0;rd/gs;1;40;50;0.0;target1;redDot100S;1118.26029166696;248.110374999669;2;0;1115.30;1;0;813.600886510516;501.030953508734;8.0;5.0;808.5;498.0;107.079409785448;103.240218325008;2;0;0;0
18;26;f;9;0;rd/gs;1;40;50;0.0;target1;redDot100S;1352.79216666822;234.531875001267;3;0;1348.78;1;0;816.232003977865;652.397818502377;8.0;7.0;827.5;647.5;147.805615590207;151.389730817948;3;0;0;0
18;26;f;9;0;rd/gs;1;40;50;0.0;target1;redDot100S;1700.89466666832;348.102500000095;4;0;1698.76;1;0;733.321011563062;431.900411442964;7.0;4.0;745.0;431.0;230.634993008433;235.57024256712;4;0;0;0
18;26;f;9;0;rd/gs;1;40;50;0.0;target1;redDot100S;2636.38779166649;618.098624996492;5;0;2632.33;1;0;704.616443812458;250.74875161774;7.0;2.0;717.0;258.5;32.0663374896479;183.411766436025;6;0;0;0
18;26;f;9;0;rd/gs;1;40;50;0.0;target1;redDot100S;3436.52095833386;218.528749999678;6;0;3432.38;1;0;298.003913171177;556.625388293247;2.0;6.0;299.0;548.5;140.264927904305;508.816535637775;8;0;0;0
18;26;f;9;0;rd/gs;1;40;50;0.0;target1;redDot100S;3653.20845833412;216.687500000262;7;0;3649.00;1;0;187.745450188358;502.837246785479;1.0;5.0;199.0;520.0;100.554711475893;122.678819794589;9;0;0;0
18;26;f;9;0;rd/gs;1;40;50;0.0;target1;redDot100S;3968.46650000225;315.25804166813;8;0;3965.47;1;0;131.658549402688;404.670939031687;0.0;4.0;130.0;406.0;131.811418321783;113.059119126915;10;0;0;0
18;26;f;9;0;rd/gs;1;40;50;0.0;target1;redDot100S;4236.65320833607;268.186708333815;9;0;4232.62;1;0;140.431445623472;339.494379921371;0.0;3.0;140.0;330.0;76.1642960973185;65.7643335369647;11;0;0;0
18;26;f;9;0;rd/gs;1;40;50;0.0;target1;redDot100S;4568.08291666675;331.429708330688;10;10;4565.52;1;0;369.562182402528;671.403285977371;3.0;7.0;375.0;673.5;415.481648210845;403.316769371426;12;0;0;0
18;26;f;9;0;rd/gs;1;40;50;0.0;target2;greenSquare100S;5603.58708333661;1035.50416666985;1;0;5598.93;2;0;399.317241936128;108.795791783853;3.0;0.0;411.5;102.5;573.793081171253;563.393784213632;13;0;1;0
18;26;f;9;0;rd/gs;1;40;50;0.0;target2;greenSquare100S;6018.1510833354;414.563999998791;2;0;6015.59;2;0;279.968638806982;174.513511926588;2.0;1.0;295.5;164.5;130.249760076554;136.24576253828;14;0;0;0
18;26;f;9;0;rd/gs;1;40;50;0.0;target2;greenSquare100S;6601.68095833433;583.529874998931;3;0;6598.87;2;0;359.589595788982;433.293195210077;3.0;4.0;379.0;442.5;287.543040256585;270.751585906772;15;0;0;0
18;26;f;9;0;rd/gs;1;40;50;0.0;target2;greenSquare100S;6886.92754166914;285.246583334811;4;0;6883.72;2;0;471.903911157322;341.117810390308;4.0;3.0;477.5;330.5;151.426549851735;145.295584940945;16;0;0;0
18;26;f;9;0;rd/gs;1;40;50;0.0;target2;greenSquare100S;8318.22841666872;249.985291666235;5;0;8315.66;2;0;632.209508018425;172.50070801236;6.0;1.0;629.5;167.5;156.423303890437;232.657713388854;18;0;0;0
18;26;f;9;0;rd/gs;1;40;50;0.0;target2;greenSquare100S;8751.48345833441;433.255041665689;6;0;8749.05;2;0;800.048319627773;273.262662406038;8.0;2.0;817.5;268.0;209.657458727325;195.762197923072;19;0;0;0
18;26;f;9;0;rd/gs;1;40;50;0.0;target2;greenSquare100S;9552.04975000015;433.794333330297;7;0;9549.14;2;0;727.720219230324;595.388877853696;7.0;6.0;739.0;598.5;282.613251635517;330.146411135628;21;0;0;0
18;26;f;9;0;rd/gs;1;40;50;0.0;target2;greenSquare100S;9753.24775000263;201.198000002478;8;0;9749.16;2;0;794.210389493194;589.880639188966;8.0;6.0;798.0;584.5;57.7602804702332;66.7179393774498;22;0;0;0
18;26;f;9;0;rd/gs;1;40;50;0.0;target2;greenSquare100S;10418.6433333343;349.931833334267;9;0;10415.81;2;0;619.259601729711;347.718921369988;6.0;3.0;623.0;346.0;29.7069015550259;298.747511648384;24;0;0;0
18;26;f;9;0;rd/gs;1;40;50;0.0;target2;greenSquare100S;11053.7269583365;635.083625002153;10;10;11049.23;2;2;127.139830739393;632.408769246375;0.0;7.0;141.5;619.5;553.779965329191;568.533357406091;25;0;0;0
18;26;f;10;0;rd/gs;1;40;50;0.0;target1;redDot100S;969.018583335128;0.0;1;0;964.62;1;0;906.17165625096;276.665578730161;9.0;2.0;893.5;265.5;0.0;0.0;2;0;2;0
18;26;f;10;0;rd/gs;1;40;50;0.0;target1;redDot100S;1367.61370833483;398.595124999702;2;0;1364.55;1;0;731.706113497833;276.054535856286;7.0;2.0;730.5;259.5;167.191506961329;174.466612798944;3;0;0;0
18;26;f;10;0;rd/gs;1;40;50;0.0;target1;redDot100S;1691.25979166711;323.646083332278;3;0;1688.87;1;0;562.752820666826;272.48194129878;5.0;2.0;582.0;265.0;152.638461732291;168.99106068166;4;0;0;0
18;26;f;10;0;rd/gs;1;40;50;0.0;target1;redDot100S;1852.21791666845;160.958125001343;4;0;1848.26;1;0;580.028633876539;323.043007890892;5.0;3.0;599.0;316.5;51.5800348972352;53.4310319663476;5;0;0;0
18;26;f;10;0;rd/gs;1;40;50;0.0;target1;redDot100S;2516.95554166872;464.580250001745;5;0;2514.57;1;0;454.505910373229;137.121816557882;4.0;0.0;454.0;145.0;279.011200492023;224.327090433532;7;0;0;0
18;26;f;10;0;rd/gs;1;40;50;0.0;target1;redDot100S;2984.20866666856;200.655166667275;6;0;2981.30;1;0;319.326629985545;281.701139253511;2.0;2.0;338.0;279.5;79.5880016082826;197.930842460842;9;0;0;0
18;26;f;10;0;rd/gs;1;40;50;0.0;target1;redDot100S;3667.63725000055;331.685458331776;7;0;3664.69;1;0;534.322307355063;401.600523604277;5.0;4.0;538.5;396.5;32.5960120260132;246.168648806606;11;0;0;0
18;26;f;10;0;rd/gs;1;40;50;0.0;target1;redDot100S;4667.288333334;349.76637499858;8;0;4664.73;1;0;391.497753712095;246.940749489678;3.0;2.0;403.5;245.5;16.1012421881046;210.51959256205;14;0;0;0
18;26;f;10;0;rd/gs;1;40;50;0.0;target1;redDot100S;5517.25599999918;449.694749997434;9;0;5514.75;1;0;215.933696319756;407.91782384772;1.0;4.0;233.0;417.0;11.1018016555873;238.193947691656;16;0;0;0
18;26;f;10;0;rd/gs;1;40;50;0.0;target1;redDot100S;6117.8427916675;600.58679166832;10;10;6114.81;1;0;655.61474553779;645.374328766273;6.0;7.0;664.0;652.0;478.651491170768;499.704929703126;17;0;0;0
18;26;f;10;0;rd/gs;1;40;50;0.0;target2;greenSquare100S;6567.75233333246;449.909541664965;1;0;6564.85;2;0;463.616293941563;651.724681059117;4.0;7.0;476.5;657.5;188.714731804382;192.103441899389;18;0;1;0
18;26;f;10;0;rd/gs;1;40;50;0.0;target2;greenSquare100S;7202.87479166655;385.158749999391;2;0;7198.55;2;0;395.456811112603;568.321661290701;3.0;6.0;408.0;561.5;27.7893864631805;107.711553725689;20;0;0;0
18;26;f;10;0;rd/gs;1;40;50;0.0;target2;greenSquare100S;7517.84841666813;314.973625001585;3;0;7514.90;2;0;365.243415583404;430.020289377125;3.0;4.0;370.0;440.5;128.69440547281;141.563126352101;21;0;0;0
18;26;f;10;0;rd/gs;1;40;50;0.0;target2;greenSquare100S;7769.37650000036;251.528083332232;4;0;7765.97;2;0;385.351017608284;351.971481932867;3.0;3.0;389.0;346.0;96.317184344228;80.5973448859314;22;0;0;0
18;26;f;10;0;rd/gs;1;40;50;0.0;target2;greenSquare100S;8184.31362499905;414.937124998687;5;0;8181.64;2;0;123.733871920799;343.179643185798;0.0;3.0;113.0;335.5;282.159972356109;261.764832141793;23;0;0;0
18;26;f;10;0;rd/gs;1;40;50;0.0;target2;greenSquare100S;8552.68699999942;200.201083331194;6;0;8548.70;2;0;131.864904988049;131.469965095802;0.0;0.0;114.0;142.5;96.0052081920559;211.865762915367;25;0;0;0
18;26;f;10;0;rd/gs;1;40;50;0.0;target2;greenSquare100S;9003.66812500215;185.7568333362;7;0;8998.71;2;0;112.8509752183;214.758774843339;0.0;1.0;115.5;225.0;95.9400854700474;85.4315828862513;27;0;0;0
18;26;f;10;0;rd/gs;1;40;50;0.0;target2;greenSquare100S;10117.9975000014;1114.32937499922;8;0;10115.10;2;0;791.237527366566;581.373070474959;8.0;6.0;806.5;596.5;780.095026262827;771.112414565529;28;0;0;0
18;26;f;10;0;rd/gs;1;40;50;0.0;target2;greenSquare100S;10984.3860833353;349.812583335734;9;0;10981.83;2;0;911.591806589351;417.811940716547;9.0;4.0;922.5;430.0;263.135421408825;203.069928091493;30;0;0;0
18;26;f;10;0;rd/gs;1;40;50;0.0;target2;greenSquare100S;11284.8170416655;300.430958330253;10;10;11281.90;2;2;876.0164359748;189.616139767236;9.0;1.0;889.5;193.5;238.6262768431;230.952225720515;31;0;0;0
