participantN;age;gender;trialN;task;condition;FeatConj;setSize;proportion;timelimit;col;row;imgName;stType;posX;posY
21;21;f;0;0;r/g;0;40;50;0.0;1.0;6.0;redDot100S;target1;215.445653626951;559.27679320659
21;21;f;0;0;r/g;0;40;50;0.0;7.0;3.0;redDot100S;target1;744.188259244837;357.087647751455
21;21;f;0;0;r/g;0;40;50;0.0;0.0;3.0;redDot100S;target1;139.371840465595;359.55485824891
21;21;f;0;0;r/g;0;40;50;0.0;6.0;6.0;redDot100S;target1;661.716925604253;561.42315510043
21;21;f;0;0;r/g;0;40;50;0.0;3.0;5.0;redDot100S;target1;379.926778312113;480.476333890781
21;21;f;0;0;r/g;0;40;50;0.0;2.0;1.0;redDot100S;target1;324.18447624357;179.269255676496
21;21;f;0;0;r/g;0;40;50;0.0;5.0;5.0;redDot100S;target1;533.608036627687;520.414316431949
21;21;f;0;0;r/g;0;40;50;0.0;3.0;1.0;redDot100S;target1;367.868641997016;210.114842634965
21;21;f;0;0;r/g;0;40;50;0.0;8.0;3.0;redDot100S;target1;813.121175595377;328.301863538124
21;21;f;0;0;r/g;0;40;50;0.0;8.0;6.0;redDot100S;target1;802.531066824059;580.967309393049
21;21;f;0;0;r/g;0;40;50;0.0;0.0;6.0;greenDot100S;target2;122.190696395633;571.666026750649
21;21;f;0;0;r/g;0;40;50;0.0;6.0;3.0;greenDot100S;target2;631.993021211683;362.898797254661
21;21;f;0;0;r/g;0;40;50;0.0;9.0;1.0;greenDot100S;target2;901.458654119033;187.986755932595
21;21;f;0;0;r/g;0;40;50;0.0;0.0;7.0;greenDot100S;target2;142.290377137908;658.269903649047
21;21;f;0;0;r/g;0;40;50;0.0;3.0;3.0;greenDot100S;target2;385.073664703088;352.332089616535
21;21;f;0;0;r/g;0;40;50;0.0;6.0;7.0;greenDot100S;target2;627.353657139773;632.849068308489
21;21;f;0;0;r/g;0;40;50;0.0;4.0;2.0;greenDot100S;target2;444.894066942998;259.518802940148
21;21;f;0;0;r/g;0;40;50;0.0;1.0;3.0;greenDot100S;target2;226.703022153042;332.170181034725
21;21;f;0;0;r/g;0;40;50;0.0;3.0;6.0;greenDot100S;target2;403.794577815405;587.777339549439
21;21;f;0;0;r/g;0;40;50;0.0;4.0;5.0;greenDot100S;target2;458.244605149298;490.000713157157
21;21;f;0;0;r/g;0;40;50;0.0;6.0;2.0;blueDot100S;distractor1;632.017831152682;284.706132078111
21;21;f;0;0;r/g;0;40;50;0.0;8.0;1.0;blueDot100S;distractor1;785.972640605502;206.324154430635
21;21;f;0;0;r/g;0;40;50;0.0;5.0;6.0;blueDot100S;distractor1;568.763476529823;564.893669138039
21;21;f;0;0;r/g;0;40;50;0.0;0.0;1.0;blueDot100S;distractor1;122.727893918278;200.260652019348
21;21;f;0;0;r/g;0;40;50;0.0;6.0;0.0;blueDot100S;distractor1;624.108297493295;136.792871742364
21;21;f;0;0;r/g;0;40;50;0.0;0.0;5.0;blueDot100S;distractor1;110.080970436677;512.686037428379
21;21;f;0;0;r/g;0;40;50;0.0;4.0;1.0;blueDot100S;distractor1;473.355513054447;178.243100291972
21;21;f;0;0;r/g;0;40;50;0.0;0.0;2.0;blueDot100S;distractor1;134.947357916435;283.180054838529
21;21;f;0;0;r/g;0;40;50;0.0;9.0;3.0;blueDot100S;distractor1;903.411980772798;339.057651250489
21;21;f;0;0;r/g;0;40;50;0.0;7.0;2.0;blueDot100S;distractor1;724.851872645645;286.998359335383
21;21;f;0;0;r/g;0;40;50;0.0;2.0;0.0;yellowDot100S;distractor2;278.451184183207;118.601771974959
21;21;f;0;0;r/g;0;40;50;0.0;4.0;7.0;yellowDot100S;distractor2;479.433382006448;632.569150062903
21;21;f;0;0;r/g;0;40;50;0.0;1.0;1.0;yellowDot100S;distractor2;206.537922192336;180.466499421608
21;21;f;0;0;r/g;0;40;50;0.0;2.0;5.0;yellowDot100S;distractor2;281.176941903005;478.854180437555
21;21;f;0;0;r/g;0;40;50;0.0;3.0;7.0;yellowDot100S;distractor2;383.271950467321;637.151115170896
21;21;f;0;0;r/g;0;40;50;0.0;3.0;2.0;yellowDot100S;distractor2;383.944660052771;268.666009293593
21;21;f;0;0;r/g;0;40;50;0.0;8.0;5.0;yellowDot100S;distractor2;829.661048513019;487.071431976107
21;21;f;0;0;r/g;0;40;50;0.0;5.0;2.0;yellowDot100S;distractor2;563.217686022519;270.820012256134
21;21;f;0;0;r/g;0;40;50;0.0;5.0;3.0;yellowDot100S;distractor2;574.105194833776;357.847837397384
21;21;f;0;0;r/g;0;40;50;0.0;1.0;0.0;yellowDot100S;distractor2;216.732913176037;136.832775818621
21;21;f;1;0;r/g;0;40;50;0.0;4.0;6.0;redDot100S;target1;494.246320051237;562.846994600937
21;21;f;1;0;r/g;0;40;50;0.0;5.0;3.0;redDot100S;target1;551.176600136956;354.11058659757
21;21;f;1;0;r/g;0;40;50;0.0;7.0;4.0;redDot100S;target1;729.800234518016;428.27094064362
21;21;f;1;0;r/g;0;40;50;0.0;3.0;6.0;redDot100S;target1;405.331357041076;570.545969112776
21;21;f;1;0;r/g;0;40;50;0.0;0.0;1.0;redDot100S;target1;148.23071991136;199.839255088725
21;21;f;1;0;r/g;0;40;50;0.0;2.0;7.0;redDot100S;target1;289.881805174457;639.940406257773
21;21;f;1;0;r/g;0;40;50;0.0;7.0;7.0;redDot100S;target1;704.413193928033;675.49184817213
21;21;f;1;0;r/g;0;40;50;0.0;8.0;7.0;redDot100S;target1;827.724217983235;665.971911445936
21;21;f;1;0;r/g;0;40;50;0.0;5.0;1.0;redDot100S;target1;577.367063948005;205.265214521364
21;21;f;1;0;r/g;0;40;50;0.0;0.0;5.0;redDot100S;target1;131.957263981799;498.542049304532
21;21;f;1;0;r/g;0;40;50;0.0;4.0;2.0;greenDot100S;target2;491.082973140372;268.642817186283
21;21;f;1;0;r/g;0;40;50;0.0;0.0;6.0;greenDot100S;target2;124.386108194337;595.673986804933
21;21;f;1;0;r/g;0;40;50;0.0;2.0;3.0;greenDot100S;target2;309.408871366744;361.145334031305
21;21;f;1;0;r/g;0;40;50;0.0;7.0;6.0;greenDot100S;target2;739.752932190908;586.337487924461
21;21;f;1;0;r/g;0;40;50;0.0;5.0;6.0;greenDot100S;target2;558.466640478569;588.869165928038
21;21;f;1;0;r/g;0;40;50;0.0;9.0;0.0;greenDot100S;target2;879.85324727299;112.385356396524
21;21;f;1;0;r/g;0;40;50;0.0;9.0;2.0;greenDot100S;target2;884.665796288748;273.377850236258
21;21;f;1;0;r/g;0;40;50;0.0;0.0;0.0;greenDot100S;target2;108.819878008296;96.0762218832789
21;21;f;1;0;r/g;0;40;50;0.0;2.0;0.0;greenDot100S;target2;295.18367137456;135.242445332883
21;21;f;1;0;r/g;0;40;50;0.0;9.0;4.0;greenDot100S;target2;918.536694527255;407.498919061569
21;21;f;1;0;r/g;0;40;50;0.0;7.0;3.0;blueDot100S;distractor1;737.517714354905;330.270779005483
21;21;f;1;0;r/g;0;40;50;0.0;9.0;1.0;blueDot100S;distractor1;900.201082190456;173.712815710765
21;21;f;1;0;r/g;0;40;50;0.0;9.0;6.0;blueDot100S;distractor1;905.381216130224;576.184536931421
21;21;f;1;0;r/g;0;40;50;0.0;3.0;4.0;blueDot100S;distractor1;399.410933501022;418.375718992969
21;21;f;1;0;r/g;0;40;50;0.0;4.0;4.0;blueDot100S;distractor1;476.742485528265;413.0359837784
21;21;f;1;0;r/g;0;40;50;0.0;6.0;4.0;blueDot100S;distractor1;657.835973218235;422.386467784212
21;21;f;1;0;r/g;0;40;50;0.0;3.0;7.0;blueDot100S;distractor1;376.403672946266;658.206760249548
21;21;f;1;0;r/g;0;40;50;0.0;6.0;7.0;blueDot100S;distractor1;640.675993945461;655.753667212463
21;21;f;1;0;r/g;0;40;50;0.0;6.0;5.0;blueDot100S;distractor1;653.321008003659;486.419411218702
21;21;f;1;0;r/g;0;40;50;0.0;1.0;7.0;blueDot100S;distractor1;220.945763099864;676.286528546703
21;21;f;1;0;r/g;0;40;50;0.0;5.0;2.0;yellowDot100S;distractor2;536.962603002289;281.703424521679
21;21;f;1;0;r/g;0;40;50;0.0;1.0;3.0;yellowDot100S;distractor2;197.164473540224;364.850357323847
21;21;f;1;0;r/g;0;40;50;0.0;5.0;7.0;yellowDot100S;distractor2;572.066771883348;653.092573549686
21;21;f;1;0;r/g;0;40;50;0.0;5.0;4.0;yellowDot100S;distractor2;544.710659649006;423.040424159045
21;21;f;1;0;r/g;0;40;50;0.0;0.0;3.0;yellowDot100S;distractor2;131.824118121909;366.555861093979
21;21;f;1;0;r/g;0;40;50;0.0;8.0;2.0;yellowDot100S;distractor2;798.146332085761;270.396920122705
21;21;f;1;0;r/g;0;40;50;0.0;7.0;2.0;yellowDot100S;distractor2;709.985715027564;259.062583478999
21;21;f;1;0;r/g;0;40;50;0.0;5.0;5.0;yellowDot100S;distractor2;575.869041500841;499.144230946689
21;21;f;1;0;r/g;0;40;50;0.0;0.0;4.0;yellowDot100S;distractor2;138.193631973424;418.000824457054
21;21;f;1;0;r/g;0;40;50;0.0;2.0;2.0;yellowDot100S;distractor2;312.607507971431;274.014275705216
21;21;f;2;0;r/g;0;40;50;0.0;5.0;6.0;redDot100S;target1;564.372443905449;582.971524183501
21;21;f;2;0;r/g;0;40;50;0.0;0.0;7.0;redDot100S;target1;142.396025879213;648.271185065451
21;21;f;2;0;r/g;0;40;50;0.0;2.0;3.0;redDot100S;target1;290.34895950658;342.596251410039
21;21;f;2;0;r/g;0;40;50;0.0;9.0;3.0;redDot100S;target1;889.709917140764;365.848805781135
21;21;f;2;0;r/g;0;40;50;0.0;9.0;4.0;redDot100S;target1;881.957476021937;441.350663387452
21;21;f;2;0;r/g;0;40;50;0.0;9.0;7.0;redDot100S;target1;914.821202877844;644.839700872388
21;21;f;2;0;r/g;0;40;50;0.0;0.0;0.0;redDot100S;target1;151.985509742603;111.57771942056
21;21;f;2;0;r/g;0;40;50;0.0;1.0;7.0;redDot100S;target1;219.980238525234;641.221382958503
21;21;f;2;0;r/g;0;40;50;0.0;0.0;4.0;redDot100S;target1;148.937087579397;422.670997129731
21;21;f;2;0;r/g;0;40;50;0.0;7.0;2.0;redDot100S;target1;733.022653768664;290.400010550622
21;21;f;2;0;r/g;0;40;50;0.0;2.0;2.0;greenDot100S;target2;285.525077451349;282.440546807503
21;21;f;2;0;r/g;0;40;50;0.0;6.0;5.0;greenDot100S;target2;660.489733667884;514.211857830188
21;21;f;2;0;r/g;0;40;50;0.0;1.0;1.0;greenDot100S;target2;226.442610449597;206.388835378274
21;21;f;2;0;r/g;0;40;50;0.0;4.0;4.0;greenDot100S;target2;487.820047933584;402.807326599478
21;21;f;2;0;r/g;0;40;50;0.0;7.0;6.0;greenDot100S;target2;724.969166332784;561.005328936053
21;21;f;2;0;r/g;0;40;50;0.0;8.0;2.0;greenDot100S;target2;803.543858674837;246.000518754809
21;21;f;2;0;r/g;0;40;50;0.0;6.0;3.0;greenDot100S;target2;642.272949614817;368.923618212451
21;21;f;2;0;r/g;0;40;50;0.0;4.0;3.0;greenDot100S;target2;493.383623432742;364.189467863731
21;21;f;2;0;r/g;0;40;50;0.0;5.0;0.0;greenDot100S;target2;543.748870069946;119.12880617696
21;21;f;2;0;r/g;0;40;50;0.0;3.0;4.0;greenDot100S;target2;404.531937049377;438.618703287148
21;21;f;2;0;r/g;0;40;50;0.0;2.0;4.0;blueDot100S;distractor1;296.189352653639;441.624877856575
21;21;f;2;0;r/g;0;40;50;0.0;9.0;2.0;blueDot100S;distractor1;911.04486663892;265.588178838314
21;21;f;2;0;r/g;0;40;50;0.0;2.0;7.0;blueDot100S;distractor1;301.436098037277;655.207310944467
21;21;f;2;0;r/g;0;40;50;0.0;8.0;5.0;blueDot100S;distractor1;795.260339046616;497.922654275608
21;21;f;2;0;r/g;0;40;50;0.0;1.0;5.0;blueDot100S;distractor1;210.755056596936;503.086238410252
21;21;f;2;0;r/g;0;40;50;0.0;2.0;1.0;blueDot100S;distractor1;320.872050117803;181.655911047302
21;21;f;2;0;r/g;0;40;50;0.0;1.0;3.0;blueDot100S;distractor1;213.135359531487;338.686642689878
21;21;f;2;0;r/g;0;40;50;0.0;2.0;5.0;blueDot100S;distractor1;276.974123603433;507.497877706805
21;21;f;2;0;r/g;0;40;50;0.0;3.0;5.0;blueDot100S;distractor1;378.594364562917;495.246571683772
21;21;f;2;0;r/g;0;40;50;0.0;6.0;6.0;blueDot100S;distractor1;648.359465017114;594.123624358503
21;21;f;2;0;r/g;0;40;50;0.0;6.0;1.0;yellowDot100S;distractor2;658.204747475487;206.140071290201
21;21;f;2;0;r/g;0;40;50;0.0;0.0;1.0;yellowDot100S;distractor2;132.361942648392;198.025673439867
21;21;f;2;0;r/g;0;40;50;0.0;3.0;6.0;yellowDot100S;distractor2;393.379298330078;570.381904109238
21;21;f;2;0;r/g;0;40;50;0.0;9.0;1.0;yellowDot100S;distractor2;883.773194644299;188.520205157487
21;21;f;2;0;r/g;0;40;50;0.0;3.0;7.0;yellowDot100S;distractor2;378.659189629238;658.50527083382
21;21;f;2;0;r/g;0;40;50;0.0;1.0;2.0;yellowDot100S;distractor2;191.47051801296;288.399174035524
21;21;f;2;0;r/g;0;40;50;0.0;7.0;1.0;yellowDot100S;distractor2;737.827233423574;173.936396260657
21;21;f;2;0;r/g;0;40;50;0.0;5.0;7.0;yellowDot100S;distractor2;534.431952995803;646.620387367381
21;21;f;2;0;r/g;0;40;50;0.0;9.0;0.0;yellowDot100S;distractor2;909.521795758036;118.981337367666
21;21;f;2;0;r/g;0;40;50;0.0;5.0;5.0;yellowDot100S;distractor2;580.628178248747;486.763140947559
21;21;f;3;0;r/g;0;40;50;0.0;4.0;7.0;redDot100S;target1;484.176517040552;667.166693078667
21;21;f;3;0;r/g;0;40;50;0.0;5.0;1.0;redDot100S;target1;577.478855750931;188.525601363247
21;21;f;3;0;r/g;0;40;50;0.0;7.0;2.0;redDot100S;target1;717.51022295876;251.678645732815
21;21;f;3;0;r/g;0;40;50;0.0;7.0;6.0;redDot100S;target1;737.525119738759;580.869931406709
21;21;f;3;0;r/g;0;40;50;0.0;3.0;7.0;redDot100S;target1;395.665662889941;654.581169458126
21;21;f;3;0;r/g;0;40;50;0.0;0.0;0.0;redDot100S;target1;148.519001660009;124.140964892398
21;21;f;3;0;r/g;0;40;50;0.0;5.0;4.0;redDot100S;target1;551.441075094595;406.787152177988
21;21;f;3;0;r/g;0;40;50;0.0;7.0;4.0;redDot100S;target1;738.854566907375;419.493463389584
21;21;f;3;0;r/g;0;40;50;0.0;6.0;0.0;redDot100S;target1;640.141977438907;108.344072419258
21;21;f;3;0;r/g;0;40;50;0.0;8.0;1.0;redDot100S;target1;812.525086006513;180.901669174441
21;21;f;3;0;r/g;0;40;50;0.0;9.0;7.0;greenDot100S;target2;894.273112705425;645.382851002891
21;21;f;3;0;r/g;0;40;50;0.0;1.0;0.0;greenDot100S;target2;208.717183417058;99.5236701276873
21;21;f;3;0;r/g;0;40;50;0.0;9.0;2.0;greenDot100S;target2;916.400732474815;265.984287645556
21;21;f;3;0;r/g;0;40;50;0.0;1.0;6.0;greenDot100S;target2;236.31561157286;586.323302417413
21;21;f;3;0;r/g;0;40;50;0.0;4.0;2.0;greenDot100S;target2;492.789476844415;286.227445045862
21;21;f;3;0;r/g;0;40;50;0.0;9.0;1.0;greenDot100S;target2;921.664263323148;189.97584967411
21;21;f;3;0;r/g;0;40;50;0.0;4.0;1.0;greenDot100S;target2;452.872925974893;208.499434734149
21;21;f;3;0;r/g;0;40;50;0.0;1.0;3.0;greenDot100S;target2;206.020939622884;330.903192048817
21;21;f;3;0;r/g;0;40;50;0.0;6.0;4.0;greenDot100S;target2;649.206890707968;440.232891392759
21;21;f;3;0;r/g;0;40;50;0.0;7.0;3.0;greenDot100S;target2;750.470074908105;344.09247910799
21;21;f;3;0;r/g;0;40;50;0.0;4.0;5.0;blueDot100S;distractor1;456.171600359112;515.278222066843
21;21;f;3;0;r/g;0;40;50;0.0;6.0;6.0;blueDot100S;distractor1;636.271433830682;590.883636022888
21;21;f;3;0;r/g;0;40;50;0.0;3.0;2.0;blueDot100S;distractor1;374.829230009577;256.660335246568
21;21;f;3;0;r/g;0;40;50;0.0;3.0;6.0;blueDot100S;distractor1;358.146906999884;591.189477019299
21;21;f;3;0;r/g;0;40;50;0.0;4.0;0.0;blueDot100S;distractor1;445.106947618472;103.977468772515
21;21;f;3;0;r/g;0;40;50;0.0;0.0;2.0;blueDot100S;distractor1;103.035960502184;281.802932627921
21;21;f;3;0;r/g;0;40;50;0.0;0.0;6.0;blueDot100S;distractor1;110.567280131428;581.402046459657
21;21;f;3;0;r/g;0;40;50;0.0;4.0;6.0;blueDot100S;distractor1;444.347877995787;566.304561979043
21;21;f;3;0;r/g;0;40;50;0.0;6.0;7.0;blueDot100S;distractor1;654.755691227556;656.1849278141
21;21;f;3;0;r/g;0;40;50;0.0;7.0;1.0;blueDot100S;distractor1;700.441352185804;207.606407279992
21;21;f;3;0;r/g;0;40;50;0.0;8.0;4.0;yellowDot100S;distractor2;791.392591837611;422.655324793146
21;21;f;3;0;r/g;0;40;50;0.0;4.0;4.0;yellowDot100S;distractor2;486.80907822983;418.042268762456
21;21;f;3;0;r/g;0;40;50;0.0;1.0;7.0;yellowDot100S;distractor2;239.020495166859;671.575020795836
21;21;f;3;0;r/g;0;40;50;0.0;9.0;5.0;yellowDot100S;distractor2;873.51411885185;517.567173851895
21;21;f;3;0;r/g;0;40;50;0.0;6.0;5.0;yellowDot100S;distractor2;624.914441082784;499.338941530346
21;21;f;3;0;r/g;0;40;50;0.0;8.0;6.0;yellowDot100S;distractor2;804.864126738299;572.078348155261
21;21;f;3;0;r/g;0;40;50;0.0;0.0;7.0;yellowDot100S;distractor2;133.507077463753;631.121821649002
21;21;f;3;0;r/g;0;40;50;0.0;5.0;0.0;yellowDot100S;distractor2;540.271367903734;126.175157148617
21;21;f;3;0;r/g;0;40;50;0.0;3.0;5.0;yellowDot100S;distractor2;358.931658866824;492.325536633712
21;21;f;3;0;r/g;0;40;50;0.0;7.0;0.0;yellowDot100S;distractor2;734.320733894851;102.785690235577
21;21;f;4;0;r/g;0;40;50;0.0;6.0;5.0;redDot100S;target1;656.813632744283;505.372102916828
21;21;f;4;0;r/g;0;40;50;0.0;9.0;6.0;redDot100S;target1;919.948571367309;572.492942203197
21;21;f;4;0;r/g;0;40;50;0.0;0.0;3.0;redDot100S;target1;111.682190835973;335.767492197268
21;21;f;4;0;r/g;0;40;50;0.0;2.0;4.0;redDot100S;target1;286.453705136522;403.774575086553
21;21;f;4;0;r/g;0;40;50;0.0;5.0;4.0;redDot100S;target1;558.135762037964;431.600984921796
21;21;f;4;0;r/g;0;40;50;0.0;2.0;6.0;redDot100S;target1;297.387495688047;583.848305129284
21;21;f;4;0;r/g;0;40;50;0.0;8.0;3.0;redDot100S;target1;800.926006747674;322.479154508954
21;21;f;4;0;r/g;0;40;50;0.0;3.0;6.0;redDot100S;target1;377.875331418655;592.201968957304
21;21;f;4;0;r/g;0;40;50;0.0;0.0;0.0;redDot100S;target1;139.773701827784;110.673704661027
21;21;f;4;0;r/g;0;40;50;0.0;1.0;0.0;redDot100S;target1;208.718286649056;118.335819329218
21;21;f;4;0;r/g;0;40;50;0.0;6.0;6.0;greenDot100S;target2;625.951406999615;592.504878599855
21;21;f;4;0;r/g;0;40;50;0.0;4.0;4.0;greenDot100S;target2;457.258955786771;431.297747952229
21;21;f;4;0;r/g;0;40;50;0.0;2.0;7.0;greenDot100S;target2;280.020571420924;648.619247837961
21;21;f;4;0;r/g;0;40;50;0.0;2.0;1.0;greenDot100S;target2;295.788712339643;169.033719918977
21;21;f;4;0;r/g;0;40;50;0.0;5.0;1.0;greenDot100S;target2;558.090867173509;178.050220719759
21;21;f;4;0;r/g;0;40;50;0.0;4.0;7.0;greenDot100S;target2;461.981349203403;660.480145391288
21;21;f;4;0;r/g;0;40;50;0.0;1.0;1.0;greenDot100S;target2;217.67728479905;177.68506400103
21;21;f;4;0;r/g;0;40;50;0.0;7.0;5.0;greenDot100S;target2;746.320910854098;521.507248293807
21;21;f;4;0;r/g;0;40;50;0.0;1.0;7.0;greenDot100S;target2;231.036988627445;660.682705740995
21;21;f;4;0;r/g;0;40;50;0.0;1.0;3.0;greenDot100S;target2;198.047705851253;349.488383046317
21;21;f;4;0;r/g;0;40;50;0.0;4.0;3.0;blueDot100S;distractor1;494.081700190369;355.38681132253
21;21;f;4;0;r/g;0;40;50;0.0;3.0;2.0;blueDot100S;distractor1;392.178333150388;279.865987820864
21;21;f;4;0;r/g;0;40;50;0.0;4.0;2.0;blueDot100S;distractor1;480.16188358736;268.518948055016
21;21;f;4;0;r/g;0;40;50;0.0;0.0;5.0;blueDot100S;distractor1;127.502911884018;507.547360520956
21;21;f;4;0;r/g;0;40;50;0.0;3.0;4.0;blueDot100S;distractor1;390.056507688965;409.593054113391
21;21;f;4;0;r/g;0;40;50;0.0;6.0;2.0;blueDot100S;distractor1;662.069581915118;248.970240707705
21;21;f;4;0;r/g;0;40;50;0.0;3.0;0.0;blueDot100S;distractor1;380.164416938122;127.006506088661
21;21;f;4;0;r/g;0;40;50;0.0;4.0;6.0;blueDot100S;distractor1;478.24758534624;591.69744110428
21;21;f;4;0;r/g;0;40;50;0.0;3.0;3.0;blueDot100S;distractor1;374.238948996938;349.99206273206
21;21;f;4;0;r/g;0;40;50;0.0;0.0;2.0;blueDot100S;distractor1;122.834857697785;250.740285157937
21;21;f;4;0;r/g;0;40;50;0.0;6.0;4.0;yellowDot100S;distractor2;623.365820664768;400.681702129568
21;21;f;4;0;r/g;0;40;50;0.0;5.0;7.0;yellowDot100S;distractor2;573.767228733544;646.471786490686
21;21;f;4;0;r/g;0;40;50;0.0;9.0;3.0;yellowDot100S;distractor2;873.189057114867;323.176342108176
21;21;f;4;0;r/g;0;40;50;0.0;8.0;2.0;yellowDot100S;distractor2;795.154733993998;264.912390987882
21;21;f;4;0;r/g;0;40;50;0.0;0.0;1.0;yellowDot100S;distractor2;130.845290644409;169.138740712682
21;21;f;4;0;r/g;0;40;50;0.0;0.0;6.0;yellowDot100S;distractor2;125.41434608127;558.484356821148
21;21;f;4;0;r/g;0;40;50;0.0;1.0;6.0;yellowDot100S;distractor2;199.815030889449;572.85024166427
21;21;f;4;0;r/g;0;40;50;0.0;8.0;6.0;yellowDot100S;distractor2;813.7566600407;581.80676094055
21;21;f;4;0;r/g;0;40;50;0.0;7.0;3.0;yellowDot100S;distractor2;708.686602572652;357.580810382313
21;21;f;4;0;r/g;0;40;50;0.0;9.0;0.0;yellowDot100S;distractor2;900.223220219538;122.403606563386
21;21;f;5;0;r/g;0;40;50;0.0;4.0;4.0;redDot100S;target1;452.337953077175;429.716975981169
21;21;f;5;0;r/g;0;40;50;0.0;8.0;3.0;redDot100S;target1;836.305267169734;355.725103995783
21;21;f;5;0;r/g;0;40;50;0.0;4.0;7.0;redDot100S;target1;465.227877558403;670.540455206689
21;21;f;5;0;r/g;0;40;50;0.0;7.0;1.0;redDot100S;target1;724.785222916072;207.230070811049
21;21;f;5;0;r/g;0;40;50;0.0;5.0;6.0;redDot100S;target1;553.243320999552;557.033612115322
21;21;f;5;0;r/g;0;40;50;0.0;0.0;4.0;redDot100S;target1;143.81489831612;424.279336037869
21;21;f;5;0;r/g;0;40;50;0.0;2.0;5.0;redDot100S;target1;320.369388337559;500.054353984476
21;21;f;5;0;r/g;0;40;50;0.0;6.0;4.0;redDot100S;target1;651.802374378178;417.170450644483
21;21;f;5;0;r/g;0;40;50;0.0;0.0;0.0;redDot100S;target1;135.1004526154;104.836056038742
21;21;f;5;0;r/g;0;40;50;0.0;8.0;4.0;redDot100S;target1;795.950124027379;404.267942304477
21;21;f;5;0;r/g;0;40;50;0.0;8.0;6.0;greenDot100S;target2;826.032057472796;582.956746645198
21;21;f;5;0;r/g;0;40;50;0.0;7.0;3.0;greenDot100S;target2;745.901712335185;342.106470258152
21;21;f;5;0;r/g;0;40;50;0.0;9.0;2.0;greenDot100S;target2;875.106091252419;260.83079723477
21;21;f;5;0;r/g;0;40;50;0.0;3.0;4.0;greenDot100S;target2;373.649018736953;427.462825103225
21;21;f;5;0;r/g;0;40;50;0.0;9.0;4.0;greenDot100S;target2;896.438725989947;435.416098908025
21;21;f;5;0;r/g;0;40;50;0.0;2.0;7.0;greenDot100S;target2;296.466208006076;656.293692622315
21;21;f;5;0;r/g;0;40;50;0.0;8.0;1.0;greenDot100S;target2;795.392125990189;204.926147045373
21;21;f;5;0;r/g;0;40;50;0.0;4.0;6.0;greenDot100S;target2;493.781314814703;588.046999344717
21;21;f;5;0;r/g;0;40;50;0.0;9.0;3.0;greenDot100S;target2;894.011364651519;365.581197825867
21;21;f;5;0;r/g;0;40;50;0.0;0.0;1.0;greenDot100S;target2;112.286143340297;195.693644509007
21;21;f;5;0;r/g;0;40;50;0.0;7.0;6.0;blueDot100S;distractor1;725.529271770152;556.132932928158
21;21;f;5;0;r/g;0;40;50;0.0;5.0;4.0;blueDot100S;distractor1;573.372562324212;435.452287503376
21;21;f;5;0;r/g;0;40;50;0.0;7.0;2.0;blueDot100S;distractor1;746.006827151182;281.225722404248
21;21;f;5;0;r/g;0;40;50;0.0;1.0;6.0;blueDot100S;distractor1;223.75804100313;569.44201577493
21;21;f;5;0;r/g;0;40;50;0.0;3.0;6.0;blueDot100S;distractor1;365.925480391413;557.503087343829
21;21;f;5;0;r/g;0;40;50;0.0;0.0;2.0;blueDot100S;distractor1;139.619432833222;275.7862046799
21;21;f;5;0;r/g;0;40;50;0.0;2.0;4.0;blueDot100S;distractor1;319.884838263093;402.784435046892
21;21;f;5;0;r/g;0;40;50;0.0;1.0;5.0;blueDot100S;distractor1;231.823082326952;498.786361856306
21;21;f;5;0;r/g;0;40;50;0.0;5.0;1.0;blueDot100S;distractor1;550.626447301218;178.094296557274
21;21;f;5;0;r/g;0;40;50;0.0;1.0;2.0;blueDot100S;distractor1;197.156982706897;285.708513501671
21;21;f;5;0;r/g;0;40;50;0.0;6.0;1.0;yellowDot100S;distractor2;663.148003729909;177.559491142488
21;21;f;5;0;r/g;0;40;50;0.0;2.0;0.0;yellowDot100S;distractor2;318.843458866426;117.188652493294
21;21;f;5;0;r/g;0;40;50;0.0;1.0;7.0;yellowDot100S;distractor2;230.709172838968;663.449851197995
21;21;f;5;0;r/g;0;40;50;0.0;6.0;6.0;yellowDot100S;distractor2;626.482701730276;575.520467659939
21;21;f;5;0;r/g;0;40;50;0.0;6.0;7.0;yellowDot100S;distractor2;654.681389090014;657.141965669577
21;21;f;5;0;r/g;0;40;50;0.0;9.0;6.0;yellowDot100S;distractor2;908.496613612299;570.581173764033
21;21;f;5;0;r/g;0;40;50;0.0;7.0;4.0;yellowDot100S;distractor2;741.01813034261;439.165066988069
21;21;f;5;0;r/g;0;40;50;0.0;3.0;1.0;yellowDot100S;distractor2;393.094516656256;198.363551945123
21;21;f;5;0;r/g;0;40;50;0.0;1.0;3.0;yellowDot100S;distractor2;216.781975061131;326.241547259029
21;21;f;5;0;r/g;0;40;50;0.0;3.0;7.0;yellowDot100S;distractor2;400.190505001835;631.988704570897
21;21;f;6;0;r/g;0;40;50;0.0;1.0;0.0;redDot100S;target1;212.093853942946;97.375120608368
21;21;f;6;0;r/g;0;40;50;0.0;8.0;1.0;redDot100S;target1;785.093929692139;210.589565704038
21;21;f;6;0;r/g;0;40;50;0.0;8.0;5.0;redDot100S;target1;804.106057514195;509.546451716044
21;21;f;6;0;r/g;0;40;50;0.0;8.0;6.0;redDot100S;target1;788.467870613889;568.885552784036
21;21;f;6;0;r/g;0;40;50;0.0;0.0;2.0;redDot100S;target1;151.119019288031;264.243872236217
21;21;f;6;0;r/g;0;40;50;0.0;3.0;6.0;redDot100S;target1;402.407815687754;587.360185705391
21;21;f;6;0;r/g;0;40;50;0.0;9.0;7.0;redDot100S;target1;899.008753821328;637.145958566146
21;21;f;6;0;r/g;0;40;50;0.0;9.0;0.0;redDot100S;target1;893.373977853333;125.94295030978
21;21;f;6;0;r/g;0;40;50;0.0;6.0;6.0;redDot100S;target1;664.557350856516;567.959222850205
21;21;f;6;0;r/g;0;40;50;0.0;3.0;7.0;redDot100S;target1;396.05974553818;638.961683462373
21;21;f;6;0;r/g;0;40;50;0.0;6.0;2.0;greenDot100S;target2;620.870871111767;286.239575752112
21;21;f;6;0;r/g;0;40;50;0.0;0.0;0.0;greenDot100S;target2;104.477192679502;125.640470413993
21;21;f;6;0;r/g;0;40;50;0.0;9.0;1.0;greenDot100S;target2;876.219283268802;200.547780960349
21;21;f;6;0;r/g;0;40;50;0.0;5.0;4.0;greenDot100S;target2;554.407380397422;416.979261123663
21;21;f;6;0;r/g;0;40;50;0.0;2.0;5.0;greenDot100S;target2;298.671152386285;518.329689171301
21;21;f;6;0;r/g;0;40;50;0.0;8.0;2.0;greenDot100S;target2;804.488207850021;257.164544692948
21;21;f;6;0;r/g;0;40;50;0.0;0.0;6.0;greenDot100S;target2;117.088564421512;554.210089984322
21;21;f;6;0;r/g;0;40;50;0.0;1.0;7.0;greenDot100S;target2;196.289825049395;667.165509106684
21;21;f;6;0;r/g;0;40;50;0.0;5.0;2.0;greenDot100S;target2;579.933010190597;274.048655305321
21;21;f;6;0;r/g;0;40;50;0.0;1.0;4.0;greenDot100S;target2;193.555282568031;439.897821146794
21;21;f;6;0;r/g;0;40;50;0.0;3.0;0.0;blueDot100S;distractor1;388.719248687472;92.6473940529285
21;21;f;6;0;r/g;0;40;50;0.0;4.0;5.0;blueDot100S;distractor1;493.264505865904;508.158777709445
21;21;f;6;0;r/g;0;40;50;0.0;8.0;7.0;blueDot100S;distractor1;829.920951298299;639.406646756504
21;21;f;6;0;r/g;0;40;50;0.0;5.0;0.0;blueDot100S;distractor1;535.65268917085;99.8150188732122
21;21;f;6;0;r/g;0;40;50;0.0;2.0;0.0;blueDot100S;distractor1;314.362788840066;118.601896590558
21;21;f;6;0;r/g;0;40;50;0.0;4.0;7.0;blueDot100S;distractor1;463.223815864641;659.759793999766
21;21;f;6;0;r/g;0;40;50;0.0;0.0;7.0;blueDot100S;distractor1;152.582989603846;636.163162068125
21;21;f;6;0;r/g;0;40;50;0.0;3.0;4.0;blueDot100S;distractor1;394.027739581392;445.444098961321
21;21;f;6;0;r/g;0;40;50;0.0;2.0;7.0;blueDot100S;distractor1;312.5435291108;640.364692578791
21;21;f;6;0;r/g;0;40;50;0.0;6.0;0.0;blueDot100S;distractor1;627.667446463553;103.658644343263
21;21;f;6;0;r/g;0;40;50;0.0;6.0;4.0;yellowDot100S;distractor2;627.23143817609;415.02296276783
21;21;f;6;0;r/g;0;40;50;0.0;9.0;2.0;yellowDot100S;distractor2;900.094941327066;261.325985228419
21;21;f;6;0;r/g;0;40;50;0.0;5.0;7.0;yellowDot100S;distractor2;560.567828872279;671.919031973887
21;21;f;6;0;r/g;0;40;50;0.0;4.0;1.0;yellowDot100S;distractor2;450.100335944595;187.519281993871
21;21;f;6;0;r/g;0;40;50;0.0;0.0;3.0;yellowDot100S;distractor2;124.992231839572;358.436302136227
21;21;f;6;0;r/g;0;40;50;0.0;3.0;1.0;yellowDot100S;distractor2;393.464010014153;181.511732504639
21;21;f;6;0;r/g;0;40;50;0.0;2.0;1.0;yellowDot100S;distractor2;320.427306855447;196.081298311337
21;21;f;6;0;r/g;0;40;50;0.0;8.0;3.0;yellowDot100S;distractor2;836.09517505657;331.175008233268
21;21;f;6;0;r/g;0;40;50;0.0;7.0;4.0;yellowDot100S;distractor2;714.632358734086;420.343661765083
21;21;f;6;0;r/g;0;40;50;0.0;0.0;5.0;yellowDot100S;distractor2;113.294975562354;480.772954233094
21;21;f;7;0;r/g;0;40;50;0.0;4.0;1.0;redDot100S;target1;480.740289559936;191.278063093194
21;21;f;7;0;r/g;0;40;50;0.0;8.0;7.0;redDot100S;target1;787.169087270066;649.765914608015
21;21;f;7;0;r/g;0;40;50;0.0;3.0;0.0;redDot100S;target1;401.829406386366;120.046813532085
21;21;f;7;0;r/g;0;40;50;0.0;0.0;4.0;redDot100S;target1;111.555129920869;428.869485215593
21;21;f;7;0;r/g;0;40;50;0.0;4.0;2.0;redDot100S;target1;477.767474599719;263.654803116385
21;21;f;7;0;r/g;0;40;50;0.0;1.0;0.0;redDot100S;target1;187.443111614178;127.558062875739
21;21;f;7;0;r/g;0;40;50;0.0;4.0;7.0;redDot100S;target1;482.609988244421;629.510876181627
21;21;f;7;0;r/g;0;40;50;0.0;4.0;4.0;redDot100S;target1;494.342407737355;410.217669396497
21;21;f;7;0;r/g;0;40;50;0.0;5.0;4.0;redDot100S;target1;557.471413476259;421.8503444627
21;21;f;7;0;r/g;0;40;50;0.0;5.0;5.0;redDot100S;target1;570.747126441371;499.524218334192
21;21;f;7;0;r/g;0;40;50;0.0;1.0;2.0;greenDot100S;target2;231.88824370837;271.606137263559
21;21;f;7;0;r/g;0;40;50;0.0;6.0;1.0;greenDot100S;target2;626.237968534454;204.23332663981
21;21;f;7;0;r/g;0;40;50;0.0;8.0;3.0;greenDot100S;target2;793.064678687999;357.990823433673
21;21;f;7;0;r/g;0;40;50;0.0;8.0;6.0;greenDot100S;target2;815.735196216844;568.937241269507
21;21;f;7;0;r/g;0;40;50;0.0;4.0;5.0;greenDot100S;target2;487.781698441636;513.283762744368
21;21;f;7;0;r/g;0;40;50;0.0;6.0;4.0;greenDot100S;target2;659.990592698571;413.685366517068
21;21;f;7;0;r/g;0;40;50;0.0;5.0;6.0;greenDot100S;target2;542.508507168378;593.257931276046
21;21;f;7;0;r/g;0;40;50;0.0;2.0;7.0;greenDot100S;target2;291.687000512067;673.629780322493
21;21;f;7;0;r/g;0;40;50;0.0;9.0;7.0;greenDot100S;target2;890.336198829672;650.246118167729
21;21;f;7;0;r/g;0;40;50;0.0;2.0;1.0;greenDot100S;target2;293.050347335604;177.589181186109
21;21;f;7;0;r/g;0;40;50;0.0;9.0;3.0;blueDot100S;distractor1;908.648972461243;355.568436106026
21;21;f;7;0;r/g;0;40;50;0.0;0.0;6.0;blueDot100S;distractor1;129.323348132204;570.807700634275
21;21;f;7;0;r/g;0;40;50;0.0;9.0;5.0;blueDot100S;distractor1;908.121061536761;496.920276803894
21;21;f;7;0;r/g;0;40;50;0.0;7.0;3.0;blueDot100S;distractor1;732.892155131629;325.4933635033
21;21;f;7;0;r/g;0;40;50;0.0;4.0;0.0;blueDot100S;distractor1;484.444665125829;102.265452003037
21;21;f;7;0;r/g;0;40;50;0.0;2.0;5.0;blueDot100S;distractor1;275.157789723738;505.969718695134
21;21;f;7;0;r/g;0;40;50;0.0;2.0;4.0;blueDot100S;distractor1;308.526672861398;427.072391789858
21;21;f;7;0;r/g;0;40;50;0.0;1.0;7.0;blueDot100S;distractor1;218.701409773248;666.868960574311
21;21;f;7;0;r/g;0;40;50;0.0;8.0;2.0;blueDot100S;distractor1;804.381787946833;270.066651806171
21;21;f;7;0;r/g;0;40;50;0.0;5.0;3.0;blueDot100S;distractor1;531.308685958702;346.982004882847
21;21;f;7;0;r/g;0;40;50;0.0;9.0;1.0;yellowDot100S;distractor2;906.842866340768;195.010960824768
21;21;f;7;0;r/g;0;40;50;0.0;3.0;5.0;yellowDot100S;distractor2;364.500291898931;522.697387010996
21;21;f;7;0;r/g;0;40;50;0.0;0.0;2.0;yellowDot100S;distractor2;130.022832941773;264.240596709036
21;21;f;7;0;r/g;0;40;50;0.0;4.0;3.0;yellowDot100S;distractor2;446.640098808483;329.284053739383
21;21;f;7;0;r/g;0;40;50;0.0;7.0;5.0;yellowDot100S;distractor2;729.317500804861;495.418613547516
21;21;f;7;0;r/g;0;40;50;0.0;1.0;6.0;yellowDot100S;distractor2;219.508283302724;585.471286224468
21;21;f;7;0;r/g;0;40;50;0.0;8.0;4.0;yellowDot100S;distractor2;796.693600907814;408.489582311214
21;21;f;7;0;r/g;0;40;50;0.0;3.0;6.0;yellowDot100S;distractor2;408.252217170267;556.56091109726
21;21;f;7;0;r/g;0;40;50;0.0;2.0;0.0;yellowDot100S;distractor2;309.057421497396;131.424903285982
21;21;f;7;0;r/g;0;40;50;0.0;7.0;0.0;yellowDot100S;distractor2;709.453554195008;97.0720421469524
21;21;f;8;0;r/g;0;40;50;0.0;4.0;1.0;redDot100S;target1;458.246918000251;185.105877347019
21;21;f;8;0;r/g;0;40;50;0.0;8.0;4.0;redDot100S;target1;820.702705192447;432.206886229404
21;21;f;8;0;r/g;0;40;50;0.0;5.0;6.0;redDot100S;target1;559.505080630741;589.386686429863
21;21;f;8;0;r/g;0;40;50;0.0;5.0;7.0;redDot100S;target1;575.683408741649;657.368307837484
21;21;f;8;0;r/g;0;40;50;0.0;8.0;6.0;redDot100S;target1;795.649997584838;569.037957874772
21;21;f;8;0;r/g;0;40;50;0.0;4.0;2.0;redDot100S;target1;455.242705395363;274.127166258833
21;21;f;8;0;r/g;0;40;50;0.0;3.0;4.0;redDot100S;target1;407.636854158695;400.378024241563
21;21;f;8;0;r/g;0;40;50;0.0;6.0;5.0;redDot100S;target1;633.928484519584;508.891831489035
21;21;f;8;0;r/g;0;40;50;0.0;1.0;5.0;redDot100S;target1;217.492656022813;505.554316272284
21;21;f;8;0;r/g;0;40;50;0.0;1.0;0.0;redDot100S;target1;198.795239100396;137.076289126999
21;21;f;8;0;r/g;0;40;50;0.0;2.0;5.0;greenDot100S;target2;300.650185300974;482.608143482079
21;21;f;8;0;r/g;0;40;50;0.0;6.0;4.0;greenDot100S;target2;655.456911943504;401.59002441715
21;21;f;8;0;r/g;0;40;50;0.0;7.0;3.0;greenDot100S;target2;712.405518130814;359.824650946758
21;21;f;8;0;r/g;0;40;50;0.0;2.0;1.0;greenDot100S;target2;305.722757097089;174.616220482109
21;21;f;8;0;r/g;0;40;50;0.0;8.0;5.0;greenDot100S;target2;835.069445769931;488.88384379134
21;21;f;8;0;r/g;0;40;50;0.0;9.0;6.0;greenDot100S;target2;891.444483468345;577.829129672665
21;21;f;8;0;r/g;0;40;50;0.0;7.0;7.0;greenDot100S;target2;737.477608474527;658.951719229815
21;21;f;8;0;r/g;0;40;50;0.0;9.0;4.0;greenDot100S;target2;890.624603894669;437.091818911259
21;21;f;8;0;r/g;0;40;50;0.0;2.0;2.0;greenDot100S;target2;307.904832733355;284.011841324963
21;21;f;8;0;r/g;0;40;50;0.0;9.0;0.0;greenDot100S;target2;890.018392788926;100.327513983587
21;21;f;8;0;r/g;0;40;50;0.0;5.0;4.0;blueDot100S;distractor1;567.071318404937;440.781862490829
21;21;f;8;0;r/g;0;40;50;0.0;0.0;3.0;blueDot100S;distractor1;138.807502654309;337.567763002708
21;21;f;8;0;r/g;0;40;50;0.0;7.0;6.0;blueDot100S;distractor1;711.744713297212;572.896889711862
21;21;f;8;0;r/g;0;40;50;0.0;9.0;2.0;blueDot100S;distractor1;894.605281341424;280.335519793716
21;21;f;8;0;r/g;0;40;50;0.0;0.0;6.0;blueDot100S;distractor1;114.949665829357;567.398189064307
21;21;f;8;0;r/g;0;40;50;0.0;7.0;5.0;blueDot100S;distractor1;750.016178315159;498.24855278712
21;21;f;8;0;r/g;0;40;50;0.0;3.0;7.0;blueDot100S;distractor1;390.782922042176;665.433120959677
21;21;f;8;0;r/g;0;40;50;0.0;1.0;4.0;blueDot100S;distractor1;204.595839828046;433.946478228088
21;21;f;8;0;r/g;0;40;50;0.0;3.0;6.0;blueDot100S;distractor1;374.022691792756;557.957627149482
21;21;f;8;0;r/g;0;40;50;0.0;0.0;1.0;blueDot100S;distractor1;138.496913510498;206.711987169094
21;21;f;8;0;r/g;0;40;50;0.0;5.0;3.0;yellowDot100S;distractor2;540.111944231145;336.308900497473
21;21;f;8;0;r/g;0;40;50;0.0;2.0;6.0;yellowDot100S;distractor2;316.928056236249;572.322897877811
21;21;f;8;0;r/g;0;40;50;0.0;8.0;3.0;yellowDot100S;distractor2;796.286765028253;330.671536402844
21;21;f;8;0;r/g;0;40;50;0.0;6.0;1.0;yellowDot100S;distractor2;645.827508953689;208.92655802283
21;21;f;8;0;r/g;0;40;50;0.0;1.0;2.0;yellowDot100S;distractor2;223.484011054914;285.149592107653
21;21;f;8;0;r/g;0;40;50;0.0;4.0;0.0;yellowDot100S;distractor2;476.656045573859;123.052508359376
21;21;f;8;0;r/g;0;40;50;0.0;0.0;4.0;yellowDot100S;distractor2;151.339159385614;429.44929350681
21;21;f;8;0;r/g;0;40;50;0.0;7.0;1.0;yellowDot100S;distractor2;720.849463723634;176.694490688234
21;21;f;8;0;r/g;0;40;50;0.0;1.0;7.0;yellowDot100S;distractor2;221.15489369988;670.407980061551
21;21;f;8;0;r/g;0;40;50;0.0;2.0;0.0;yellowDot100S;distractor2;285.911240291445;122.810751666026
21;21;f;9;0;r/g;0;40;50;0.0;0.0;6.0;redDot100S;target1;105.86719612995;582.225243560228
21;21;f;9;0;r/g;0;40;50;0.0;0.0;2.0;redDot100S;target1;111.482201296077;279.864699666314
21;21;f;9;0;r/g;0;40;50;0.0;9.0;5.0;redDot100S;target1;876.712943438283;494.278697335653
21;21;f;9;0;r/g;0;40;50;0.0;6.0;5.0;redDot100S;target1;617.87756411331;498.399478391254
21;21;f;9;0;r/g;0;40;50;0.0;2.0;1.0;redDot100S;target1;278.736503519471;211.27163569892
21;21;f;9;0;r/g;0;40;50;0.0;2.0;0.0;redDot100S;target1;282.851510917115;113.993717375175
21;21;f;9;0;r/g;0;40;50;0.0;5.0;5.0;redDot100S;target1;533.95868535818;480.660860347891
21;21;f;9;0;r/g;0;40;50;0.0;7.0;4.0;redDot100S;target1;748.825389081769;423.856019967006
21;21;f;9;0;r/g;0;40;50;0.0;0.0;4.0;redDot100S;target1;136.069873154473;444.463637916978
21;21;f;9;0;r/g;0;40;50;0.0;7.0;6.0;redDot100S;target1;714.358384331924;568.297692890454
21;21;f;9;0;r/g;0;40;50;0.0;1.0;2.0;greenDot100S;target2;220.60470043367;272.622212215985
21;21;f;9;0;r/g;0;40;50;0.0;8.0;6.0;greenDot100S;target2;822.213919369422;559.082472121679
21;21;f;9;0;r/g;0;40;50;0.0;2.0;2.0;greenDot100S;target2;288.683453006428;252.707252621998
21;21;f;9;0;r/g;0;40;50;0.0;4.0;5.0;greenDot100S;target2;461.716771631739;495.934846656521
21;21;f;9;0;r/g;0;40;50;0.0;3.0;2.0;greenDot100S;target2;379.478291052551;277.328428102253
21;21;f;9;0;r/g;0;40;50;0.0;6.0;0.0;greenDot100S;target2;643.711489164091;102.13193882548
21;21;f;9;0;r/g;0;40;50;0.0;1.0;4.0;greenDot100S;target2;217.763944119349;435.966931019971
21;21;f;9;0;r/g;0;40;50;0.0;2.0;6.0;greenDot100S;target2;299.932790398765;572.285306217268
21;21;f;9;0;r/g;0;40;50;0.0;7.0;2.0;greenDot100S;target2;704.697185535278;285.99283777188
21;21;f;9;0;r/g;0;40;50;0.0;9.0;1.0;greenDot100S;target2;918.698105681126;180.706650053229
21;21;f;9;0;r/g;0;40;50;0.0;8.0;5.0;blueDot100S;distractor1;799.729061725629;515.136910988031
21;21;f;9;0;r/g;0;40;50;0.0;8.0;7.0;blueDot100S;distractor1;828.350266078707;646.754037077822
21;21;f;9;0;r/g;0;40;50;0.0;7.0;7.0;blueDot100S;distractor1;719.284630929062;672.474672054064
21;21;f;9;0;r/g;0;40;50;0.0;6.0;4.0;blueDot100S;distractor1;623.071078774416;417.372280757187
21;21;f;9;0;r/g;0;40;50;0.0;5.0;3.0;blueDot100S;distractor1;547.8137819352;339.988779655748
21;21;f;9;0;r/g;0;40;50;0.0;5.0;2.0;blueDot100S;distractor1;568.581491927274;283.312621871002
21;21;f;9;0;r/g;0;40;50;0.0;9.0;4.0;blueDot100S;distractor1;883.894650444304;425.508041458019
21;21;f;9;0;r/g;0;40;50;0.0;5.0;1.0;blueDot100S;distractor1;561.306089034141;203.073462504979
21;21;f;9;0;r/g;0;40;50;0.0;2.0;5.0;blueDot100S;distractor1;321.400155573539;481.997488478196
21;21;f;9;0;r/g;0;40;50;0.0;0.0;5.0;blueDot100S;distractor1;149.711107293681;511.716930064859
21;21;f;9;0;r/g;0;40;50;0.0;1.0;6.0;yellowDot100S;distractor2;232.397668983887;585.179206758274
21;21;f;9;0;r/g;0;40;50;0.0;2.0;3.0;yellowDot100S;distractor2;322.065890009279;342.347393300203
21;21;f;9;0;r/g;0;40;50;0.0;0.0;3.0;yellowDot100S;distractor2;134.458731160704;344.599025146472
21;21;f;9;0;r/g;0;40;50;0.0;7.0;3.0;yellowDot100S;distractor2;728.605003420833;324.290259510118
21;21;f;9;0;r/g;0;40;50;0.0;1.0;1.0;yellowDot100S;distractor2;237.03113729917;183.38630292622
21;21;f;9;0;r/g;0;40;50;0.0;9.0;6.0;yellowDot100S;distractor2;903.197017276221;565.975615165788
21;21;f;9;0;r/g;0;40;50;0.0;5.0;7.0;yellowDot100S;distractor2;548.361556106926;672.765173243891
21;21;f;9;0;r/g;0;40;50;0.0;4.0;4.0;yellowDot100S;distractor2;453.808509691877;440.745320188848
21;21;f;9;0;r/g;0;40;50;0.0;1.0;7.0;yellowDot100S;distractor2;194.982545723218;632.613529347373
21;21;f;9;0;r/g;0;40;50;0.0;7.0;1.0;yellowDot100S;distractor2;732.711387491519;174.888443132686
21;21;f;0;0;rs/gd;1;40;50;0.0;2.0;0.0;redSquare100S;target1;299.093652283604;112.494267118544
21;21;f;0;0;rs/gd;1;40;50;0.0;8.0;7.0;redSquare100S;target1;804.045457002815;659.733469588203
21;21;f;0;0;rs/gd;1;40;50;0.0;5.0;4.0;redSquare100S;target1;530.309978848449;443.430920826281
21;21;f;0;0;rs/gd;1;40;50;0.0;9.0;3.0;redSquare100S;target1;905.647847650116;337.942193338986
21;21;f;0;0;rs/gd;1;40;50;0.0;1.0;7.0;redSquare100S;target1;233.865122545226;636.511576005432
21;21;f;0;0;rs/gd;1;40;50;0.0;0.0;1.0;redSquare100S;target1;115.398725357531;212.255898185542
21;21;f;0;0;rs/gd;1;40;50;0.0;6.0;2.0;redSquare100S;target1;626.684789599214;291.89116544356
21;21;f;0;0;rs/gd;1;40;50;0.0;7.0;6.0;redSquare100S;target1;728.548578520421;556.126272007008
21;21;f;0;0;rs/gd;1;40;50;0.0;8.0;1.0;redSquare100S;target1;791.976305194417;202.148927993876
21;21;f;0;0;rs/gd;1;40;50;0.0;5.0;0.0;redSquare100S;target1;541.530226531576;95.5490025937715
21;21;f;0;0;rs/gd;1;40;50;0.0;1.0;5.0;greenDot100S;target2;194.228731566511;478.436536891977
21;21;f;0;0;rs/gd;1;40;50;0.0;7.0;1.0;greenDot100S;target2;704.333433310904;184.625351128472
21;21;f;0;0;rs/gd;1;40;50;0.0;1.0;6.0;greenDot100S;target2;227.513653798939;565.630410998403
21;21;f;0;0;rs/gd;1;40;50;0.0;4.0;4.0;greenDot100S;target2;478.117283067749;426.964972978237
21;21;f;0;0;rs/gd;1;40;50;0.0;2.0;2.0;greenDot100S;target2;299.713982222002;256.651860481068
21;21;f;0;0;rs/gd;1;40;50;0.0;7.0;2.0;greenDot100S;target2;740.611803039576;273.961270750313
21;21;f;0;0;rs/gd;1;40;50;0.0;9.0;7.0;greenDot100S;target2;902.38761351953;636.429464453818
21;21;f;0;0;rs/gd;1;40;50;0.0;3.0;0.0;greenDot100S;target2;368.709708616483;113.108660418979
21;21;f;0;0;rs/gd;1;40;50;0.0;5.0;3.0;greenDot100S;target2;577.598916711873;337.003533562214
21;21;f;0;0;rs/gd;1;40;50;0.0;1.0;0.0;greenDot100S;target2;203.936443827703;112.369971816218
21;21;f;0;0;rs/gd;1;40;50;0.0;0.0;6.0;redDot100S;distractor1;105.365692190744;566.782402017659
21;21;f;0;0;rs/gd;1;40;50;0.0;3.0;5.0;redDot100S;distractor1;370.44757171739;477.463078954696
21;21;f;0;0;rs/gd;1;40;50;0.0;4.0;6.0;redDot100S;distractor1;481.785252347709;577.589972688649
21;21;f;0;0;rs/gd;1;40;50;0.0;1.0;3.0;redDot100S;distractor1;236.510211755775;336.430677581471
21;21;f;0;0;rs/gd;1;40;50;0.0;5.0;2.0;redDot100S;distractor1;578.770851480326;270.644382125743
21;21;f;0;0;rs/gd;1;40;50;0.0;4.0;5.0;redDot100S;distractor1;462.523635534992;501.938436107242
21;21;f;0;0;rs/gd;1;40;50;0.0;8.0;3.0;redDot100S;distractor1;810.603277661586;334.295461387344
21;21;f;0;0;rs/gd;1;40;50;0.0;8.0;0.0;redDot100S;distractor1;833.738161336419;92.9577056811736
21;21;f;0;0;rs/gd;1;40;50;0.0;9.0;1.0;redDot100S;distractor1;919.407270535979;195.556069808996
21;21;f;0;0;rs/gd;1;40;50;0.0;2.0;6.0;redDot100S;distractor1;311.926809811659;582.013374747968
21;21;f;0;0;rs/gd;1;40;50;0.0;7.0;5.0;greenSquare100S;distractor2;723.027973642546;494.387223982215
21;21;f;0;0;rs/gd;1;40;50;0.0;3.0;3.0;greenSquare100S;distractor2;386.773974075612;335.489706994434
21;21;f;0;0;rs/gd;1;40;50;0.0;4.0;0.0;greenSquare100S;distractor2;494.709128278358;111.852709742289
21;21;f;0;0;rs/gd;1;40;50;0.0;6.0;7.0;greenSquare100S;distractor2;647.196961717429;663.002148229765
21;21;f;0;0;rs/gd;1;40;50;0.0;4.0;1.0;greenSquare100S;distractor2;486.499928521672;173.924652470628
21;21;f;0;0;rs/gd;1;40;50;0.0;3.0;4.0;greenSquare100S;distractor2;394.507860676874;430.166791509583
21;21;f;0;0;rs/gd;1;40;50;0.0;7.0;4.0;greenSquare100S;distractor2;707.08331091584;414.992057058461
21;21;f;0;0;rs/gd;1;40;50;0.0;5.0;5.0;greenSquare100S;distractor2;552.990442693081;519.677739771113
21;21;f;0;0;rs/gd;1;40;50;0.0;2.0;7.0;greenSquare100S;distractor2;291.971041222923;641.759965017627
21;21;f;0;0;rs/gd;1;40;50;0.0;7.0;7.0;greenSquare100S;distractor2;750.949590859802;662.772915458013
21;21;f;1;0;rs/gd;1;40;50;0.0;7.0;3.0;redSquare100S;target1;702.26721167323;326.303589023253
21;21;f;1;0;rs/gd;1;40;50;0.0;6.0;0.0;redSquare100S;target1;638.199698799475;121.608476140972
21;21;f;1;0;rs/gd;1;40;50;0.0;0.0;1.0;redSquare100S;target1;147.916102346931;212.801176194863
21;21;f;1;0;rs/gd;1;40;50;0.0;3.0;4.0;redSquare100S;target1;394.008481847636;418.039068046707
21;21;f;1;0;rs/gd;1;40;50;0.0;1.0;0.0;redSquare100S;target1;217.914716809945;127.568647229334
21;21;f;1;0;rs/gd;1;40;50;0.0;9.0;0.0;redSquare100S;target1;881.522675836172;134.924474755846
21;21;f;1;0;rs/gd;1;40;50;0.0;4.0;2.0;redSquare100S;target1;446.047435304949;287.981110653654
21;21;f;1;0;rs/gd;1;40;50;0.0;6.0;2.0;redSquare100S;target1;640.26202032853;265.352210182044
21;21;f;1;0;rs/gd;1;40;50;0.0;8.0;2.0;redSquare100S;target1;793.223732419851;254.329636530146
21;21;f;1;0;rs/gd;1;40;50;0.0;2.0;4.0;redSquare100S;target1;272.738407575705;406.420302362845
21;21;f;1;0;rs/gd;1;40;50;0.0;0.0;3.0;greenDot100S;target2;130.674207303456;326.430293484158
21;21;f;1;0;rs/gd;1;40;50;0.0;8.0;7.0;greenDot100S;target2;826.102969778566;649.39558163995
21;21;f;1;0;rs/gd;1;40;50;0.0;4.0;1.0;greenDot100S;target2;457.227200254945;208.296133496753
21;21;f;1;0;rs/gd;1;40;50;0.0;9.0;4.0;greenDot100S;target2;916.180852543167;407.121512545071
21;21;f;1;0;rs/gd;1;40;50;0.0;0.0;6.0;greenDot100S;target2;109.060780296632;558.486902075076
21;21;f;1;0;rs/gd;1;40;50;0.0;7.0;0.0;greenDot100S;target2;735.327992117852;114.157907199976
21;21;f;1;0;rs/gd;1;40;50;0.0;0.0;5.0;greenDot100S;target2;141.05314456507;501.866733743404
21;21;f;1;0;rs/gd;1;40;50;0.0;7.0;6.0;greenDot100S;target2;734.347055187493;582.495268348166
21;21;f;1;0;rs/gd;1;40;50;0.0;8.0;6.0;greenDot100S;target2;799.759565773859;589.393565850874
21;21;f;1;0;rs/gd;1;40;50;0.0;2.0;7.0;greenDot100S;target2;274.112323087734;656.592196323392
21;21;f;1;0;rs/gd;1;40;50;0.0;1.0;5.0;redDot100S;distractor1;188.684552362512;500.61769403001
21;21;f;1;0;rs/gd;1;40;50;0.0;8.0;5.0;redDot100S;distractor1;812.228051040772;512.369045389333
21;21;f;1;0;rs/gd;1;40;50;0.0;6.0;1.0;redDot100S;distractor1;661.723274332795;184.82865182595
21;21;f;1;0;rs/gd;1;40;50;0.0;3.0;0.0;redDot100S;distractor1;388.404884487132;93.9792450178513
21;21;f;1;0;rs/gd;1;40;50;0.0;1.0;4.0;redDot100S;distractor1;202.183483270345;401.42290161225
21;21;f;1;0;rs/gd;1;40;50;0.0;5.0;5.0;redDot100S;distractor1;579.478279211956;491.336449872674
21;21;f;1;0;rs/gd;1;40;50;0.0;3.0;1.0;redDot100S;distractor1;388.372544738534;183.798775477714
21;21;f;1;0;rs/gd;1;40;50;0.0;9.0;1.0;redDot100S;distractor1;884.743060156041;180.356612593731
21;21;f;1;0;rs/gd;1;40;50;0.0;1.0;3.0;redDot100S;distractor1;221.652398863361;362.664429872487
21;21;f;1;0;rs/gd;1;40;50;0.0;0.0;0.0;redDot100S;distractor1;125.941609311307;94.375474997168
21;21;f;1;0;rs/gd;1;40;50;0.0;8.0;3.0;greenSquare100S;distractor2;834.374364252694;346.479628003031
21;21;f;1;0;rs/gd;1;40;50;0.0;1.0;1.0;greenSquare100S;distractor2;194.65953967752;169.210760079703
21;21;f;1;0;rs/gd;1;40;50;0.0;4.0;5.0;greenSquare100S;distractor2;467.389295160458;499.16891582722
21;21;f;1;0;rs/gd;1;40;50;0.0;2.0;2.0;greenSquare100S;distractor2;274.329433651951;247.382058306114
21;21;f;1;0;rs/gd;1;40;50;0.0;4.0;4.0;greenSquare100S;distractor2;458.007785766306;409.733812584972
21;21;f;1;0;rs/gd;1;40;50;0.0;3.0;2.0;greenSquare100S;distractor2;396.568477519558;274.798201127628
21;21;f;1;0;rs/gd;1;40;50;0.0;8.0;1.0;greenSquare100S;distractor2;815.085149010655;169.062221669259
21;21;f;1;0;rs/gd;1;40;50;0.0;9.0;3.0;greenSquare100S;distractor2;875.998619324881;336.130591589369
21;21;f;1;0;rs/gd;1;40;50;0.0;6.0;7.0;greenSquare100S;distractor2;617.989541020346;651.857233859346
21;21;f;1;0;rs/gd;1;40;50;0.0;1.0;7.0;greenSquare100S;distractor2;227.941392421476;635.960930299351
21;21;f;2;0;rs/gd;1;40;50;0.0;4.0;0.0;redSquare100S;target1;473.179116198271;98.0733190653372
21;21;f;2;0;rs/gd;1;40;50;0.0;9.0;0.0;redSquare100S;target1;879.804458493769;133.813074012209
21;21;f;2;0;rs/gd;1;40;50;0.0;7.0;0.0;redSquare100S;target1;728.503242947771;105.809686332937
21;21;f;2;0;rs/gd;1;40;50;0.0;8.0;0.0;redSquare100S;target1;830.048075579567;103.332057690461
21;21;f;2;0;rs/gd;1;40;50;0.0;0.0;7.0;redSquare100S;target1;153.962179509446;655.138061492352
21;21;f;2;0;rs/gd;1;40;50;0.0;1.0;5.0;redSquare100S;target1;208.572765672609;488.779888207147
21;21;f;2;0;rs/gd;1;40;50;0.0;5.0;0.0;redSquare100S;target1;576.588630587569;123.77063906793
21;21;f;2;0;rs/gd;1;40;50;0.0;1.0;7.0;redSquare100S;target1;203.54428660333;659.989492908612
21;21;f;2;0;rs/gd;1;40;50;0.0;1.0;0.0;redSquare100S;target1;207.370205418858;93.2544864579508
21;21;f;2;0;rs/gd;1;40;50;0.0;2.0;0.0;redSquare100S;target1;310.845947832542;136.607718127523
21;21;f;2;0;rs/gd;1;40;50;0.0;5.0;6.0;greenDot100S;target2;530.001737104693;571.727815509455
21;21;f;2;0;rs/gd;1;40;50;0.0;2.0;7.0;greenDot100S;target2;314.402859963642;651.508685486478
21;21;f;2;0;rs/gd;1;40;50;0.0;0.0;4.0;greenDot100S;target2;114.632628472163;410.423516013654
21;21;f;2;0;rs/gd;1;40;50;0.0;1.0;6.0;greenDot100S;target2;238.543550267547;556.953916524207
21;21;f;2;0;rs/gd;1;40;50;0.0;9.0;4.0;greenDot100S;target2;917.81962186639;442.554018895715
21;21;f;2;0;rs/gd;1;40;50;0.0;6.0;1.0;greenDot100S;target2;632.108021737559;200.589842871907
21;21;f;2;0;rs/gd;1;40;50;0.0;3.0;0.0;greenDot100S;target2;388.709909523008;115.572400531223
21;21;f;2;0;rs/gd;1;40;50;0.0;0.0;6.0;greenDot100S;target2;127.371791565363;558.621668969239
21;21;f;2;0;rs/gd;1;40;50;0.0;5.0;7.0;greenDot100S;target2;539.767734608772;654.856755252648
21;21;f;2;0;rs/gd;1;40;50;0.0;9.0;5.0;greenDot100S;target2;896.330893537778;486.390711200371
21;21;f;2;0;rs/gd;1;40;50;0.0;6.0;2.0;redDot100S;distractor1;655.76150773347;260.202977275482
21;21;f;2;0;rs/gd;1;40;50;0.0;1.0;2.0;redDot100S;distractor1;215.552278113319;276.456590412726
21;21;f;2;0;rs/gd;1;40;50;0.0;3.0;6.0;redDot100S;distractor1;374.827406810838;577.395557537573
21;21;f;2;0;rs/gd;1;40;50;0.0;6.0;0.0;redDot100S;distractor1;618.477337598094;131.38291811728
21;21;f;2;0;rs/gd;1;40;50;0.0;1.0;3.0;redDot100S;distractor1;222.069699996776;340.532791869278
21;21;f;2;0;rs/gd;1;40;50;0.0;9.0;7.0;redDot100S;distractor1;913.050765652101;653.722929321842
21;21;f;2;0;rs/gd;1;40;50;0.0;7.0;6.0;redDot100S;distractor1;725.802059143112;569.653516058782
21;21;f;2;0;rs/gd;1;40;50;0.0;1.0;4.0;redDot100S;distractor1;190.547474069557;405.768040980239
21;21;f;2;0;rs/gd;1;40;50;0.0;2.0;3.0;redDot100S;distractor1;281.2365085245;362.904357308811
21;21;f;2;0;rs/gd;1;40;50;0.0;0.0;3.0;redDot100S;distractor1;109.305845807135;364.866343513238
21;21;f;2;0;rs/gd;1;40;50;0.0;6.0;3.0;greenSquare100S;distractor2;650.183474274766;323.422371860518
21;21;f;2;0;rs/gd;1;40;50;0.0;4.0;1.0;greenSquare100S;distractor2;445.002711998677;211.638977833826
21;21;f;2;0;rs/gd;1;40;50;0.0;7.0;4.0;greenSquare100S;distractor2;736.404591090403;434.026301750005
21;21;f;2;0;rs/gd;1;40;50;0.0;8.0;1.0;greenSquare100S;distractor2;807.81811261061;175.860250852707
21;21;f;2;0;rs/gd;1;40;50;0.0;4.0;6.0;greenSquare100S;distractor2;455.530578073075;567.614631325304
21;21;f;2;0;rs/gd;1;40;50;0.0;9.0;1.0;greenSquare100S;distractor2;919.134312542358;214.952862611971
21;21;f;2;0;rs/gd;1;40;50;0.0;7.0;1.0;greenSquare100S;distractor2;723.061542173135;213.779882849153
21;21;f;2;0;rs/gd;1;40;50;0.0;2.0;4.0;greenSquare100S;distractor2;280.862707777172;421.654047058425
21;21;f;2;0;rs/gd;1;40;50;0.0;0.0;5.0;greenSquare100S;distractor2;152.985932645727;494.351511808067
21;21;f;2;0;rs/gd;1;40;50;0.0;8.0;3.0;greenSquare100S;distractor2;787.100680057593;340.993680085516
21;21;f;3;0;rs/gd;1;40;50;0.0;1.0;4.0;redSquare100S;target1;217.003980323282;415.875323003516
21;21;f;3;0;rs/gd;1;40;50;0.0;0.0;3.0;redSquare100S;target1;147.032153912959;360.794021906593
21;21;f;3;0;rs/gd;1;40;50;0.0;9.0;7.0;redSquare100S;target1;892.176238426507;633.692129679021
21;21;f;3;0;rs/gd;1;40;50;0.0;2.0;7.0;redSquare100S;target1;277.682087120604;673.945900135026
21;21;f;3;0;rs/gd;1;40;50;0.0;6.0;5.0;redSquare100S;target1;644.596390830321;502.374646400095
21;21;f;3;0;rs/gd;1;40;50;0.0;3.0;1.0;redSquare100S;target1;374.968728587674;193.671594200817
21;21;f;3;0;rs/gd;1;40;50;0.0;2.0;5.0;redSquare100S;target1;275.239236254883;492.567193714751
21;21;f;3;0;rs/gd;1;40;50;0.0;3.0;3.0;redSquare100S;target1;399.891383280106;342.074864991439
21;21;f;3;0;rs/gd;1;40;50;0.0;1.0;7.0;redSquare100S;target1;205.226619848294;634.811175343265
21;21;f;3;0;rs/gd;1;40;50;0.0;2.0;0.0;redSquare100S;target1;300.506309282721;109.268524929045
21;21;f;3;0;rs/gd;1;40;50;0.0;7.0;1.0;greenDot100S;target2;728.423827483334;210.35956833945
21;21;f;3;0;rs/gd;1;40;50;0.0;7.0;7.0;greenDot100S;target2;711.877414432728;640.415327149625
21;21;f;3;0;rs/gd;1;40;50;0.0;0.0;1.0;greenDot100S;target2;119.50184322243;182.930569894492
21;21;f;3;0;rs/gd;1;40;50;0.0;4.0;6.0;greenDot100S;target2;443.510629645083;593.715057094395
21;21;f;3;0;rs/gd;1;40;50;0.0;9.0;5.0;greenDot100S;target2;888.622990562959;486.734422780786
21;21;f;3;0;rs/gd;1;40;50;0.0;9.0;0.0;greenDot100S;target2;897.731056791939;104.006449722441
21;21;f;3;0;rs/gd;1;40;50;0.0;8.0;0.0;greenDot100S;target2;789.912427008861;95.3542714198155
21;21;f;3;0;rs/gd;1;40;50;0.0;0.0;4.0;greenDot100S;target2;102.317564559962;434.054469768699
21;21;f;3;0;rs/gd;1;40;50;0.0;3.0;4.0;greenDot100S;target2;369.986832974538;440.563283767309
21;21;f;3;0;rs/gd;1;40;50;0.0;6.0;3.0;greenDot100S;target2;649.851946505166;323.179745065347
21;21;f;3;0;rs/gd;1;40;50;0.0;9.0;2.0;redDot100S;distractor1;899.416357096328;281.523437203319
21;21;f;3;0;rs/gd;1;40;50;0.0;2.0;2.0;redDot100S;distractor1;303.821405305218;272.716322980098
21;21;f;3;0;rs/gd;1;40;50;0.0;4.0;7.0;redDot100S;distractor1;448.425877788907;651.309160956901
21;21;f;3;0;rs/gd;1;40;50;0.0;7.0;4.0;redDot100S;distractor1;731.457163057129;420.205841564178
21;21;f;3;0;rs/gd;1;40;50;0.0;1.0;5.0;redDot100S;distractor1;205.663842422029;516.519929847273
21;21;f;3;0;rs/gd;1;40;50;0.0;5.0;6.0;redDot100S;distractor1;555.95909646727;581.140709108498
21;21;f;3;0;rs/gd;1;40;50;0.0;1.0;6.0;redDot100S;distractor1;216.685777890507;590.644015848176
21;21;f;3;0;rs/gd;1;40;50;0.0;4.0;2.0;redDot100S;distractor1;474.611301680738;276.736632541131
21;21;f;3;0;rs/gd;1;40;50;0.0;6.0;6.0;redDot100S;distractor1;642.390290023819;590.780651742175
21;21;f;3;0;rs/gd;1;40;50;0.0;8.0;7.0;redDot100S;distractor1;827.905416714832;668.767115525244
21;21;f;3;0;rs/gd;1;40;50;0.0;7.0;3.0;greenSquare100S;distractor2;750.420744647942;356.555196489319
21;21;f;3;0;rs/gd;1;40;50;0.0;7.0;2.0;greenSquare100S;distractor2;723.16388041359;258.141275296568
21;21;f;3;0;rs/gd;1;40;50;0.0;5.0;3.0;greenSquare100S;distractor2;561.52277725427;355.322491452367
21;21;f;3;0;rs/gd;1;40;50;0.0;5.0;0.0;greenSquare100S;distractor2;531.738095943498;105.40404227581
21;21;f;3;0;rs/gd;1;40;50;0.0;6.0;1.0;greenSquare100S;distractor2;658.314071565427;191.364061861298
21;21;f;3;0;rs/gd;1;40;50;0.0;8.0;1.0;greenSquare100S;distractor2;807.861537854729;206.627672366684
21;21;f;3;0;rs/gd;1;40;50;0.0;5.0;1.0;greenSquare100S;distractor2;531.770406898793;172.477375425449
21;21;f;3;0;rs/gd;1;40;50;0.0;5.0;7.0;greenSquare100S;distractor2;540.317538387531;657.229307666853
21;21;f;3;0;rs/gd;1;40;50;0.0;0.0;0.0;greenSquare100S;distractor2;130.790227198953;104.527871374899
21;21;f;3;0;rs/gd;1;40;50;0.0;9.0;4.0;greenSquare100S;distractor2;903.992321426384;400.765481139654
21;21;f;4;0;rs/gd;1;40;50;0.0;4.0;3.0;redSquare100S;target1;455.902524689987;329.700394996191
21;21;f;4;0;rs/gd;1;40;50;0.0;3.0;7.0;redSquare100S;target1;386.986498378544;652.136013681454
21;21;f;4;0;rs/gd;1;40;50;0.0;3.0;6.0;redSquare100S;target1;393.567418704379;591.025116483561
21;21;f;4;0;rs/gd;1;40;50;0.0;9.0;1.0;redSquare100S;target1;876.884209695349;201.682362035298
21;21;f;4;0;rs/gd;1;40;50;0.0;9.0;4.0;redSquare100S;target1;908.894039127093;432.958705218135
21;21;f;4;0;rs/gd;1;40;50;0.0;2.0;0.0;redSquare100S;target1;273.430732514087;107.03543220887
21;21;f;4;0;rs/gd;1;40;50;0.0;5.0;0.0;redSquare100S;target1;562.21228780129;132.934822976429
21;21;f;4;0;rs/gd;1;40;50;0.0;5.0;7.0;redSquare100S;target1;548.753189392038;653.592089515876
21;21;f;4;0;rs/gd;1;40;50;0.0;3.0;4.0;redSquare100S;target1;409.967343926059;421.734868618603
21;21;f;4;0;rs/gd;1;40;50;0.0;0.0;5.0;redSquare100S;target1;153.318995749177;515.855612137632
21;21;f;4;0;rs/gd;1;40;50;0.0;1.0;3.0;greenDot100S;target2;217.979494686483;347.911954078612
21;21;f;4;0;rs/gd;1;40;50;0.0;0.0;2.0;greenDot100S;target2;104.444384848569;289.431314258069
21;21;f;4;0;rs/gd;1;40;50;0.0;9.0;7.0;greenDot100S;target2;916.618937175742;675.385543535308
21;21;f;4;0;rs/gd;1;40;50;0.0;8.0;6.0;greenDot100S;target2;805.15975934044;598.933296423307
21;21;f;4;0;rs/gd;1;40;50;0.0;2.0;4.0;greenDot100S;target2;292.881705847597;429.233896048076
21;21;f;4;0;rs/gd;1;40;50;0.0;7.0;7.0;greenDot100S;target2;730.866247993892;648.231178878737
21;21;f;4;0;rs/gd;1;40;50;0.0;4.0;7.0;greenDot100S;target2;471.985758359099;634.484893255274
21;21;f;4;0;rs/gd;1;40;50;0.0;0.0;4.0;greenDot100S;target2;124.839372322566;422.486777304769
21;21;f;4;0;rs/gd;1;40;50;0.0;6.0;0.0;greenDot100S;target2;663.139928810748;127.147109521137
21;21;f;4;0;rs/gd;1;40;50;0.0;0.0;6.0;greenDot100S;target2;152.715994127324;570.230653669525
21;21;f;4;0;rs/gd;1;40;50;0.0;4.0;2.0;redDot100S;distractor1;475.048191481559;253.25181873926
21;21;f;4;0;rs/gd;1;40;50;0.0;1.0;4.0;redDot100S;distractor1;225.875398613423;442.478606905282
21;21;f;4;0;rs/gd;1;40;50;0.0;4.0;5.0;redDot100S;distractor1;490.243563939344;496.378381420999
21;21;f;4;0;rs/gd;1;40;50;0.0;2.0;5.0;redDot100S;distractor1;292.100979108501;506.250372857892
21;21;f;4;0;rs/gd;1;40;50;0.0;6.0;1.0;redDot100S;distractor1;644.183609632087;198.611094277403
21;21;f;4;0;rs/gd;1;40;50;0.0;2.0;7.0;redDot100S;distractor1;290.862872260857;675.829619517255
21;21;f;4;0;rs/gd;1;40;50;0.0;9.0;6.0;redDot100S;distractor1;904.470637151291;595.4917138063
21;21;f;4;0;rs/gd;1;40;50;0.0;4.0;4.0;redDot100S;distractor1;476.542224018439;445.08891597466
21;21;f;4;0;rs/gd;1;40;50;0.0;4.0;0.0;redDot100S;distractor1;447.142930052476;102.270711984279
21;21;f;4;0;rs/gd;1;40;50;0.0;7.0;3.0;redDot100S;distractor1;713.576890427523;338.629510931965
21;21;f;4;0;rs/gd;1;40;50;0.0;9.0;3.0;greenSquare100S;distractor2;898.214771171741;354.269737599109
21;21;f;4;0;rs/gd;1;40;50;0.0;5.0;5.0;greenSquare100S;distractor2;552.60280376307;481.077892970631
21;21;f;4;0;rs/gd;1;40;50;0.0;2.0;1.0;greenSquare100S;distractor2;323.956242540371;189.411217604077
21;21;f;4;0;rs/gd;1;40;50;0.0;3.0;1.0;greenSquare100S;distractor2;390.388974126783;183.904259238099
21;21;f;4;0;rs/gd;1;40;50;0.0;2.0;6.0;greenSquare100S;distractor2;320.503213355278;554.677640694334
21;21;f;4;0;rs/gd;1;40;50;0.0;2.0;3.0;greenSquare100S;distractor2;289.681993173914;362.437855787376
21;21;f;4;0;rs/gd;1;40;50;0.0;0.0;0.0;greenSquare100S;distractor2;120.248834428228;128.777546659101
21;21;f;4;0;rs/gd;1;40;50;0.0;5.0;6.0;greenSquare100S;distractor2;543.390303806012;582.646960575435
21;21;f;4;0;rs/gd;1;40;50;0.0;7.0;4.0;greenSquare100S;distractor2;718.336331861359;441.427951514991
21;21;f;4;0;rs/gd;1;40;50;0.0;6.0;4.0;greenSquare100S;distractor2;617.689241243937;435.513973149769
21;21;f;5;0;rs/gd;1;40;50;0.0;3.0;3.0;redSquare100S;target1;402.299195797051;353.739846537296
21;21;f;5;0;rs/gd;1;40;50;0.0;5.0;5.0;redSquare100S;target1;539.225613956995;481.396192392484
21;21;f;5;0;rs/gd;1;40;50;0.0;7.0;0.0;redSquare100S;target1;748.266752383559;100.506120640289
21;21;f;5;0;rs/gd;1;40;50;0.0;8.0;6.0;redSquare100S;target1;829.360221219928;582.938569410325
21;21;f;5;0;rs/gd;1;40;50;0.0;8.0;3.0;redSquare100S;target1;832.562515667094;348.246996677005
21;21;f;5;0;rs/gd;1;40;50;0.0;3.0;6.0;redSquare100S;target1;403.127208016463;579.254805819437
21;21;f;5;0;rs/gd;1;40;50;0.0;3.0;7.0;redSquare100S;target1;366.965734716457;637.239694695981
21;21;f;5;0;rs/gd;1;40;50;0.0;5.0;4.0;redSquare100S;target1;543.567048022758;424.667042337952
21;21;f;5;0;rs/gd;1;40;50;0.0;4.0;6.0;redSquare100S;target1;483.9834403244;566.535015569652
21;21;f;5;0;rs/gd;1;40;50;0.0;9.0;4.0;redSquare100S;target1;890.33256523642;437.282087830229
21;21;f;5;0;rs/gd;1;40;50;0.0;7.0;5.0;greenDot100S;target2;730.395482194023;488.197978258938
21;21;f;5;0;rs/gd;1;40;50;0.0;4.0;3.0;greenDot100S;target2;487.43959821688;329.664338806165
21;21;f;5;0;rs/gd;1;40;50;0.0;7.0;6.0;greenDot100S;target2;745.897125358669;568.772269863571
21;21;f;5;0;rs/gd;1;40;50;0.0;8.0;5.0;greenDot100S;target2;828.304688287304;486.863522930053
21;21;f;5;0;rs/gd;1;40;50;0.0;4.0;4.0;greenDot100S;target2;458.28550411669;414.194431090397
21;21;f;5;0;rs/gd;1;40;50;0.0;2.0;4.0;greenDot100S;target2;303.121378167072;415.781081398359
21;21;f;5;0;rs/gd;1;40;50;0.0;3.0;2.0;greenDot100S;target2;406.334540071332;269.724377414662
21;21;f;5;0;rs/gd;1;40;50;0.0;9.0;3.0;greenDot100S;target2;918.951684107005;355.964923167162
21;21;f;5;0;rs/gd;1;40;50;0.0;2.0;0.0;greenDot100S;target2;289.898911700982;97.5306495748357
21;21;f;5;0;rs/gd;1;40;50;0.0;5.0;3.0;greenDot100S;target2;528.86489643714;361.851603010216
21;21;f;5;0;rs/gd;1;40;50;0.0;7.0;2.0;redDot100S;distractor1;731.773243329348;250.403922692095
21;21;f;5;0;rs/gd;1;40;50;0.0;0.0;7.0;redDot100S;distractor1;113.027747592073;642.91148433027
21;21;f;5;0;rs/gd;1;40;50;0.0;2.0;2.0;redDot100S;distractor1;321.903955168849;277.96863280393
21;21;f;5;0;rs/gd;1;40;50;0.0;6.0;0.0;redDot100S;distractor1;642.594673568571;96.6705605918128
21;21;f;5;0;rs/gd;1;40;50;0.0;3.0;4.0;redDot100S;distractor1;399.141777023568;427.733579509758
21;21;f;5;0;rs/gd;1;40;50;0.0;7.0;1.0;redDot100S;distractor1;737.758394810832;179.297365255394
21;21;f;5;0;rs/gd;1;40;50;0.0;9.0;2.0;redDot100S;distractor1;904.870536677278;255.94713530754
21;21;f;5;0;rs/gd;1;40;50;0.0;1.0;0.0;redDot100S;distractor1;237.030866127178;114.060463234527
21;21;f;5;0;rs/gd;1;40;50;0.0;3.0;0.0;redDot100S;distractor1;364.861083707193;130.895962616652
21;21;f;5;0;rs/gd;1;40;50;0.0;6.0;6.0;redDot100S;distractor1;637.468469501392;585.627676228461
21;21;f;5;0;rs/gd;1;40;50;0.0;0.0;1.0;greenSquare100S;distractor2;150.824194205318;197.46825999619
21;21;f;5;0;rs/gd;1;40;50;0.0;1.0;7.0;greenSquare100S;distractor2;218.972992322415;658.529363870299
21;21;f;5;0;rs/gd;1;40;50;0.0;2.0;5.0;greenSquare100S;distractor2;303.223282073188;479.469506241937
21;21;f;5;0;rs/gd;1;40;50;0.0;8.0;1.0;greenSquare100S;distractor2;815.602123700941;189.922301532502
21;21;f;5;0;rs/gd;1;40;50;0.0;6.0;7.0;greenSquare100S;distractor2;631.744478599087;644.872046441981
21;21;f;5;0;rs/gd;1;40;50;0.0;5.0;2.0;greenSquare100S;distractor2;571.39142358739;253.636127913346
21;21;f;5;0;rs/gd;1;40;50;0.0;1.0;4.0;greenSquare100S;distractor2;218.13339434616;402.656894252828
21;21;f;5;0;rs/gd;1;40;50;0.0;5.0;1.0;greenSquare100S;distractor2;549.009650435977;179.569770250772
21;21;f;5;0;rs/gd;1;40;50;0.0;7.0;3.0;greenSquare100S;distractor2;745.224073058569;368.989661187405
21;21;f;5;0;rs/gd;1;40;50;0.0;4.0;7.0;greenSquare100S;distractor2;465.564150257585;663.130106236891
21;21;f;6;0;rs/gd;1;40;50;0.0;7.0;3.0;redSquare100S;target1;741.506546747555;353.501043146059
21;21;f;6;0;rs/gd;1;40;50;0.0;8.0;2.0;redSquare100S;target1;808.403390153194;253.609428499616
21;21;f;6;0;rs/gd;1;40;50;0.0;8.0;0.0;redSquare100S;target1;823.376098100102;98.719898333994
21;21;f;6;0;rs/gd;1;40;50;0.0;7.0;2.0;redSquare100S;target1;725.627839902983;276.612703939999
21;21;f;6;0;rs/gd;1;40;50;0.0;0.0;7.0;redSquare100S;target1;142.421757943047;656.553365656095
21;21;f;6;0;rs/gd;1;40;50;0.0;5.0;5.0;redSquare100S;target1;554.453942987356;489.54145532741
21;21;f;6;0;rs/gd;1;40;50;0.0;9.0;2.0;redSquare100S;target1;884.489805445032;281.909050225281
21;21;f;6;0;rs/gd;1;40;50;0.0;0.0;3.0;redSquare100S;target1;117.585383951615;323.480250422082
21;21;f;6;0;rs/gd;1;40;50;0.0;4.0;0.0;redSquare100S;target1;456.817024130941;120.810019325814
21;21;f;6;0;rs/gd;1;40;50;0.0;9.0;1.0;redSquare100S;target1;873.77526271252;206.116803578414
21;21;f;6;0;rs/gd;1;40;50;0.0;2.0;5.0;greenDot100S;target2;288.555958035093;511.930809601003
21;21;f;6;0;rs/gd;1;40;50;0.0;3.0;6.0;greenDot100S;target2;381.693638659219;567.250740345171
21;21;f;6;0;rs/gd;1;40;50;0.0;6.0;6.0;greenDot100S;target2;624.069003180477;559.464070947854
21;21;f;6;0;rs/gd;1;40;50;0.0;3.0;5.0;greenDot100S;target2;403.699551972967;515.742936082844
21;21;f;6;0;rs/gd;1;40;50;0.0;9.0;0.0;greenDot100S;target2;881.61262045834;136.560716162016
21;21;f;6;0;rs/gd;1;40;50;0.0;5.0;4.0;greenDot100S;target2;561.911576896361;405.251429126516
21;21;f;6;0;rs/gd;1;40;50;0.0;5.0;3.0;greenDot100S;target2;561.567527312201;332.73498434733
21;21;f;6;0;rs/gd;1;40;50;0.0;0.0;5.0;greenDot100S;target2;149.270222140189;511.956266597024
21;21;f;6;0;rs/gd;1;40;50;0.0;8.0;7.0;greenDot100S;target2;834.566511152838;647.418762047866
21;21;f;6;0;rs/gd;1;40;50;0.0;1.0;7.0;greenDot100S;target2;206.053910974376;648.849930666599
21;21;f;6;0;rs/gd;1;40;50;0.0;2.0;4.0;redDot100S;distractor1;290.703767562595;438.731565539124
21;21;f;6;0;rs/gd;1;40;50;0.0;1.0;4.0;redDot100S;distractor1;200.283524892289;429.458503979908
21;21;f;6;0;rs/gd;1;40;50;0.0;2.0;3.0;redDot100S;distractor1;294.391161505285;348.41412229147
21;21;f;6;0;rs/gd;1;40;50;0.0;8.0;6.0;redDot100S;distractor1;807.468423814815;564.548379080139
21;21;f;6;0;rs/gd;1;40;50;0.0;2.0;1.0;redDot100S;distractor1;299.541133691826;193.78047585545
21;21;f;6;0;rs/gd;1;40;50;0.0;0.0;2.0;redDot100S;distractor1;146.486806362144;273.891637154832
21;21;f;6;0;rs/gd;1;40;50;0.0;2.0;6.0;redDot100S;distractor1;313.390887378431;579.46757787787
21;21;f;6;0;rs/gd;1;40;50;0.0;4.0;5.0;redDot100S;distractor1;444.103422850417;512.528380260166
21;21;f;6;0;rs/gd;1;40;50;0.0;4.0;7.0;redDot100S;distractor1;460.829920276797;635.509650201897
21;21;f;6;0;rs/gd;1;40;50;0.0;5.0;7.0;redDot100S;distractor1;565.193678450691;666.635087467808
21;21;f;6;0;rs/gd;1;40;50;0.0;1.0;2.0;greenSquare100S;distractor2;232.215672351143;281.710050596491
21;21;f;6;0;rs/gd;1;40;50;0.0;2.0;2.0;greenSquare100S;distractor2;287.754908128962;267.233893167741
21;21;f;6;0;rs/gd;1;40;50;0.0;0.0;1.0;greenSquare100S;distractor2;118.960303481689;206.414434162658
21;21;f;6;0;rs/gd;1;40;50;0.0;3.0;1.0;greenSquare100S;distractor2;358.937078985025;192.04859411619
21;21;f;6;0;rs/gd;1;40;50;0.0;1.0;5.0;greenSquare100S;distractor2;215.183155704966;484.959770438888
21;21;f;6;0;rs/gd;1;40;50;0.0;7.0;7.0;greenSquare100S;distractor2;717.081223174696;654.109844802403
21;21;f;6;0;rs/gd;1;40;50;0.0;1.0;1.0;greenSquare100S;distractor2;225.256886748178;188.85398023814
21;21;f;6;0;rs/gd;1;40;50;0.0;4.0;1.0;greenSquare100S;distractor2;444.683536150983;193.355687384044
21;21;f;6;0;rs/gd;1;40;50;0.0;3.0;2.0;greenSquare100S;distractor2;377.543345274381;247.3659478564
21;21;f;6;0;rs/gd;1;40;50;0.0;0.0;6.0;greenSquare100S;distractor2;119.312800912006;561.876196870917
21;21;f;7;0;rs/gd;1;40;50;0.0;2.0;2.0;redSquare100S;target1;300.368254064185;246.026420060665
21;21;f;7;0;rs/gd;1;40;50;0.0;6.0;4.0;redSquare100S;target1;647.242629713251;406.165143483044
21;21;f;7;0;rs/gd;1;40;50;0.0;5.0;4.0;redSquare100S;target1;560.942769027929;430.073424754692
21;21;f;7;0;rs/gd;1;40;50;0.0;8.0;4.0;redSquare100S;target1;799.46612737271;429.910346234402
21;21;f;7;0;rs/gd;1;40;50;0.0;1.0;7.0;redSquare100S;target1;208.730249886682;648.05355599646
21;21;f;7;0;rs/gd;1;40;50;0.0;5.0;5.0;redSquare100S;target1;577.157985286009;511.26160386023
21;21;f;7;0;rs/gd;1;40;50;0.0;1.0;3.0;redSquare100S;target1;229.50753966407;363.010629664626
21;21;f;7;0;rs/gd;1;40;50;0.0;3.0;2.0;redSquare100S;target1;369.627556324977;270.435155276424
21;21;f;7;0;rs/gd;1;40;50;0.0;2.0;1.0;redSquare100S;target1;285.848631877398;195.469292104647
21;21;f;7;0;rs/gd;1;40;50;0.0;6.0;1.0;redSquare100S;target1;662.893481667128;183.161580896452
21;21;f;7;0;rs/gd;1;40;50;0.0;6.0;3.0;greenDot100S;target2;652.002566922294;326.632264091414
21;21;f;7;0;rs/gd;1;40;50;0.0;4.0;5.0;greenDot100S;target2;447.170785045228;516.865572397124
21;21;f;7;0;rs/gd;1;40;50;0.0;8.0;5.0;greenDot100S;target2;829.788669693629;511.350750986423
21;21;f;7;0;rs/gd;1;40;50;0.0;1.0;1.0;greenDot100S;target2;207.864028332284;197.227360981822
21;21;f;7;0;rs/gd;1;40;50;0.0;1.0;0.0;greenDot100S;target2;220.103579393334;123.658498606507
21;21;f;7;0;rs/gd;1;40;50;0.0;2.0;6.0;greenDot100S;target2;324.278311871046;576.653716900955
21;21;f;7;0;rs/gd;1;40;50;0.0;9.0;1.0;greenDot100S;target2;871.109523492985;169.656999620147
21;21;f;7;0;rs/gd;1;40;50;0.0;2.0;3.0;greenDot100S;target2;294.804280602007;328.65885501702
21;21;f;7;0;rs/gd;1;40;50;0.0;6.0;6.0;greenDot100S;target2;623.606378029002;584.744058809176
21;21;f;7;0;rs/gd;1;40;50;0.0;0.0;2.0;greenDot100S;target2;105.852039923117;275.890466608126
21;21;f;7;0;rs/gd;1;40;50;0.0;4.0;2.0;redDot100S;distractor1;447.873162894284;269.647533840528
21;21;f;7;0;rs/gd;1;40;50;0.0;4.0;1.0;redDot100S;distractor1;495.121003744675;175.042235451755
21;21;f;7;0;rs/gd;1;40;50;0.0;6.0;7.0;redDot100S;distractor1;624.393837302182;672.183432847238
21;21;f;7;0;rs/gd;1;40;50;0.0;5.0;3.0;redDot100S;distractor1;548.821368467542;344.571000582307
21;21;f;7;0;rs/gd;1;40;50;0.0;7.0;7.0;redDot100S;distractor1;715.624514220096;645.741147682621
21;21;f;7;0;rs/gd;1;40;50;0.0;8.0;2.0;redDot100S;distractor1;833.902141028489;264.524238034241
21;21;f;7;0;rs/gd;1;40;50;0.0;9.0;4.0;redDot100S;distractor1;907.518930384141;410.412533748868
21;21;f;7;0;rs/gd;1;40;50;0.0;3.0;7.0;redDot100S;distractor1;368.988623806559;653.212413429688
21;21;f;7;0;rs/gd;1;40;50;0.0;1.0;4.0;redDot100S;distractor1;189.714784263133;444.045540373837
21;21;f;7;0;rs/gd;1;40;50;0.0;3.0;0.0;redDot100S;distractor1;408.157984485447;134.102295507984
21;21;f;7;0;rs/gd;1;40;50;0.0;3.0;1.0;greenSquare100S;distractor2;407.841481789712;179.802501379978
21;21;f;7;0;rs/gd;1;40;50;0.0;0.0;5.0;greenSquare100S;distractor2;105.224858669019;484.023431686966
21;21;f;7;0;rs/gd;1;40;50;0.0;9.0;5.0;greenSquare100S;distractor2;878.356835902006;485.838990319655
21;21;f;7;0;rs/gd;1;40;50;0.0;0.0;1.0;greenSquare100S;distractor2;131.31385756699;175.973209554737
21;21;f;7;0;rs/gd;1;40;50;0.0;1.0;6.0;greenSquare100S;distractor2;200.944111357506;587.857930404081
21;21;f;7;0;rs/gd;1;40;50;0.0;5.0;1.0;greenSquare100S;distractor2;565.043892821965;172.869426878341
21;21;f;7;0;rs/gd;1;40;50;0.0;9.0;6.0;greenSquare100S;distractor2;894.026751308533;583.517651991266
21;21;f;7;0;rs/gd;1;40;50;0.0;7.0;5.0;greenSquare100S;distractor2;715.62606262103;478.36685634493
21;21;f;7;0;rs/gd;1;40;50;0.0;6.0;5.0;greenSquare100S;distractor2;631.548927182357;502.42966218412
21;21;f;7;0;rs/gd;1;40;50;0.0;0.0;3.0;greenSquare100S;distractor2;139.005644708024;328.850333884091
21;21;f;8;0;rs/gd;1;40;50;0.0;6.0;5.0;redSquare100S;target1;661.592645572121;487.335508185825
21;21;f;8;0;rs/gd;1;40;50;0.0;1.0;0.0;redSquare100S;target1;187.386856536694;104.406460119414
21;21;f;8;0;rs/gd;1;40;50;0.0;9.0;2.0;redSquare100S;target1;916.694285533861;264.531380128203
21;21;f;8;0;rs/gd;1;40;50;0.0;4.0;0.0;redSquare100S;target1;472.031314329933;110.814747325814
21;21;f;8;0;rs/gd;1;40;50;0.0;1.0;3.0;redSquare100S;target1;201.860387316743;344.458736692529
21;21;f;8;0;rs/gd;1;40;50;0.0;9.0;4.0;redSquare100S;target1;882.853228319819;409.283258288839
21;21;f;8;0;rs/gd;1;40;50;0.0;7.0;3.0;redSquare100S;target1;703.177029544836;332.209599543702
21;21;f;8;0;rs/gd;1;40;50;0.0;8.0;6.0;redSquare100S;target1;785.552821353582;579.770382735909
21;21;f;8;0;rs/gd;1;40;50;0.0;1.0;1.0;redSquare100S;target1;239.076143302693;176.632226960223
21;21;f;8;0;rs/gd;1;40;50;0.0;6.0;4.0;redSquare100S;target1;626.444929445543;405.410920599512
21;21;f;8;0;rs/gd;1;40;50;0.0;4.0;7.0;greenDot100S;target2;449.886712203588;652.058244626665
21;21;f;8;0;rs/gd;1;40;50;0.0;1.0;4.0;greenDot100S;target2;192.800412817582;415.119253341377
21;21;f;8;0;rs/gd;1;40;50;0.0;0.0;3.0;greenDot100S;target2;105.650924421987;333.513208924732
21;21;f;8;0;rs/gd;1;40;50;0.0;5.0;7.0;greenDot100S;target2;568.242884917686;638.033873977036
21;21;f;8;0;rs/gd;1;40;50;0.0;2.0;1.0;greenDot100S;target2;288.321069600485;188.591856775994
21;21;f;8;0;rs/gd;1;40;50;0.0;5.0;6.0;greenDot100S;target2;580.455531920712;587.945327354515
21;21;f;8;0;rs/gd;1;40;50;0.0;0.0;4.0;greenDot100S;target2;111.639237579574;418.865432716631
21;21;f;8;0;rs/gd;1;40;50;0.0;9.0;6.0;greenDot100S;target2;897.846456714602;570.203723721579
21;21;f;8;0;rs/gd;1;40;50;0.0;3.0;4.0;greenDot100S;target2;362.10977079603;444.795579984348
21;21;f;8;0;rs/gd;1;40;50;0.0;2.0;0.0;greenDot100S;target2;300.694216441932;110.013094725593
21;21;f;8;0;rs/gd;1;40;50;0.0;9.0;3.0;redDot100S;distractor1;886.312541702569;351.327064532638
21;21;f;8;0;rs/gd;1;40;50;0.0;0.0;7.0;redDot100S;distractor1;106.883708384532;642.509250791095
21;21;f;8;0;rs/gd;1;40;50;0.0;1.0;2.0;redDot100S;distractor1;216.119564427626;251.755420620222
21;21;f;8;0;rs/gd;1;40;50;0.0;7.0;4.0;redDot100S;distractor1;705.652805764327;429.297386375075
21;21;f;8;0;rs/gd;1;40;50;0.0;4.0;5.0;redDot100S;distractor1;485.851799869681;501.16644051636
21;21;f;8;0;rs/gd;1;40;50;0.0;2.0;7.0;redDot100S;distractor1;320.246163303466;640.248003971327
21;21;f;8;0;rs/gd;1;40;50;0.0;9.0;0.0;redDot100S;distractor1;884.335035922215;132.738880478143
21;21;f;8;0;rs/gd;1;40;50;0.0;6.0;6.0;redDot100S;distractor1;620.229245890982;556.557952985477
21;21;f;8;0;rs/gd;1;40;50;0.0;6.0;7.0;redDot100S;distractor1;626.742013303022;644.522047056571
21;21;f;8;0;rs/gd;1;40;50;0.0;7.0;5.0;redDot100S;distractor1;723.105226191882;520.461294793912
21;21;f;8;0;rs/gd;1;40;50;0.0;8.0;0.0;greenSquare100S;distractor2;814.538616265314;120.043913536463
21;21;f;8;0;rs/gd;1;40;50;0.0;7.0;2.0;greenSquare100S;distractor2;715.55645892417;261.896724495438
21;21;f;8;0;rs/gd;1;40;50;0.0;5.0;4.0;greenSquare100S;distractor2;575.551883381168;420.486572473738
21;21;f;8;0;rs/gd;1;40;50;0.0;8.0;3.0;greenSquare100S;distractor2;832.961447903373;329.419442126423
21;21;f;8;0;rs/gd;1;40;50;0.0;0.0;6.0;greenSquare100S;distractor2;109.517910360297;577.363258424668
21;21;f;8;0;rs/gd;1;40;50;0.0;4.0;2.0;greenSquare100S;distractor2;477.11575389584;277.191335501063
21;21;f;8;0;rs/gd;1;40;50;0.0;0.0;5.0;greenSquare100S;distractor2;139.757008248968;507.439601627992
21;21;f;8;0;rs/gd;1;40;50;0.0;8.0;5.0;greenSquare100S;distractor2;795.380157248188;516.140402420682
21;21;f;8;0;rs/gd;1;40;50;0.0;4.0;3.0;greenSquare100S;distractor2;472.441173428457;338.321550164688
21;21;f;8;0;rs/gd;1;40;50;0.0;6.0;2.0;greenSquare100S;distractor2;647.631432920795;267.785415832156
21;21;f;9;0;rs/gd;1;40;50;0.0;1.0;1.0;redSquare100S;target1;189.115281016311;193.259501544257
21;21;f;9;0;rs/gd;1;40;50;0.0;5.0;4.0;redSquare100S;target1;540.010994031367;431.352460668158
21;21;f;9;0;rs/gd;1;40;50;0.0;3.0;0.0;redSquare100S;target1;375.496190983687;112.63421631314
21;21;f;9;0;rs/gd;1;40;50;0.0;2.0;2.0;redSquare100S;target1;290.935923727219;246.034309633372
21;21;f;9;0;rs/gd;1;40;50;0.0;3.0;2.0;redSquare100S;target1;375.495083621355;256.452272712721
21;21;f;9;0;rs/gd;1;40;50;0.0;9.0;2.0;redSquare100S;target1;889.307887901839;271.570446173786
21;21;f;9;0;rs/gd;1;40;50;0.0;5.0;6.0;redSquare100S;target1;540.550578332311;577.210014193964
21;21;f;9;0;rs/gd;1;40;50;0.0;6.0;0.0;redSquare100S;target1;635.584613369256;116.45430034291
21;21;f;9;0;rs/gd;1;40;50;0.0;1.0;0.0;redSquare100S;target1;221.657130850422;131.423617285378
21;21;f;9;0;rs/gd;1;40;50;0.0;2.0;4.0;redSquare100S;target1;282.060038025487;429.044976322042
21;21;f;9;0;rs/gd;1;40;50;0.0;9.0;7.0;greenDot100S;target2;900.462609298578;651.673167473409
21;21;f;9;0;rs/gd;1;40;50;0.0;5.0;2.0;greenDot100S;target2;537.46440167632;273.904083023792
21;21;f;9;0;rs/gd;1;40;50;0.0;6.0;1.0;greenDot100S;target2;646.966079423396;212.890201951818
21;21;f;9;0;rs/gd;1;40;50;0.0;7.0;1.0;greenDot100S;target2;710.746792345213;194.865520571583
21;21;f;9;0;rs/gd;1;40;50;0.0;3.0;5.0;greenDot100S;target2;402.41777762635;507.416411891813
21;21;f;9;0;rs/gd;1;40;50;0.0;7.0;4.0;greenDot100S;target2;743.646503410502;400.239139565333
21;21;f;9;0;rs/gd;1;40;50;0.0;9.0;4.0;greenDot100S;target2;870.358277470155;411.177069839989
21;21;f;9;0;rs/gd;1;40;50;0.0;4.0;5.0;greenDot100S;target2;483.84000227435;484.2506159773
21;21;f;9;0;rs/gd;1;40;50;0.0;9.0;6.0;greenDot100S;target2;902.954054924162;563.61286152914
21;21;f;9;0;rs/gd;1;40;50;0.0;8.0;5.0;greenDot100S;target2;795.948871853409;497.022836334858
21;21;f;9;0;rs/gd;1;40;50;0.0;4.0;4.0;redDot100S;distractor1;458.117290140226;444.88038235012
21;21;f;9;0;rs/gd;1;40;50;0.0;7.0;6.0;redDot100S;distractor1;712.829772419776;569.042354601104
21;21;f;9;0;rs/gd;1;40;50;0.0;8.0;7.0;redDot100S;distractor1;792.168236104179;648.812458543723
21;21;f;9;0;rs/gd;1;40;50;0.0;2.0;5.0;redDot100S;distractor1;307.430126960481;518.152477922256
21;21;f;9;0;rs/gd;1;40;50;0.0;9.0;5.0;redDot100S;distractor1;910.109097504507;480.888148392519
21;21;f;9;0;rs/gd;1;40;50;0.0;9.0;3.0;redDot100S;distractor1;884.943535347761;338.437302235268
21;21;f;9;0;rs/gd;1;40;50;0.0;1.0;7.0;redDot100S;distractor1;211.96685701557;640.827870886159
21;21;f;9;0;rs/gd;1;40;50;0.0;5.0;3.0;redDot100S;distractor1;573.001714970779;368.864214682448
21;21;f;9;0;rs/gd;1;40;50;0.0;1.0;6.0;redDot100S;distractor1;213.770787991259;568.446325062437
21;21;f;9;0;rs/gd;1;40;50;0.0;7.0;0.0;redDot100S;distractor1;744.264058488879;122.632296924661
21;21;f;9;0;rs/gd;1;40;50;0.0;3.0;7.0;greenSquare100S;distractor2;389.471262722822;656.975054052823
21;21;f;9;0;rs/gd;1;40;50;0.0;8.0;1.0;greenSquare100S;distractor2;796.518203443622;182.717615843345
21;21;f;9;0;rs/gd;1;40;50;0.0;2.0;3.0;greenSquare100S;distractor2;292.330164348535;347.833650347715
21;21;f;9;0;rs/gd;1;40;50;0.0;6.0;4.0;greenSquare100S;distractor2;640.896000695037;403.341114836702
21;21;f;9;0;rs/gd;1;40;50;0.0;2.0;6.0;greenSquare100S;distractor2;321.140831962842;555.975294505946
21;21;f;9;0;rs/gd;1;40;50;0.0;0.0;1.0;greenSquare100S;distractor2;133.753792776749;184.828884009375
21;21;f;9;0;rs/gd;1;40;50;0.0;2.0;7.0;greenSquare100S;distractor2;275.125606208591;668.465795027402
21;21;f;9;0;rs/gd;1;40;50;0.0;3.0;3.0;greenSquare100S;distractor2;379.982979711605;323.446780090354
21;21;f;9;0;rs/gd;1;40;50;0.0;4.0;2.0;greenSquare100S;distractor2;483.84112373138;289.348403949706
21;21;f;9;0;rs/gd;1;40;50;0.0;6.0;6.0;greenSquare100S;distractor2;664.929635677357;596.221100953153
